application_id,asset_id,asset_type,age_years,market_value,condition_score,legal_penalty,employment_years,credit_history_years,delinquencies,current_loans,loan_amount,customer_type,city,lat,lon,depreciation_rate,market_segment,DTI,LTV,evidence_files,ai_adjusted,confidence,market_delta,decision,rule_reasons,ltv_ai,realizable_value,valuation_gap_pct,ltv_cap,policy_breaches,human_decision,human_reason
APP_0001,A0001,House,34,759172,0.9699233717,0.9573891686,15,21,0,4,46055,bank,Can Tho,10.0452,105.7469,3.0076628275,High,0.5193571893,0.0606647769,[],617194.811658344,70.3,-18.7,review,"{'min_emp_years': True, 'min_credit_hist': True, 'max_delinquencies': True, 'amount_min': True, 'amount_max': True, 'max_dti': False}",0.07461987549158842,544467.3054703377,-18.701583875808907,0.8,legal<0.97,review,
APP_0002,A0002,Land,11,1661269,0.6099437966,0.9968063732,10,11,2,2,13450,bank,Hue,16.4637,107.5909,39.0056203445,High,0.4756512267,0.05,[],954492.2230349822,63.7,-42.54,review,"{'min_emp_years': True, 'min_credit_hist': True, 'max_delinquencies': True, 'amount_min': True, 'amount_max': True, 'max_dti': False}",0.014091262008645047,551310.9574026511,-42.5443908822122,0.8,"confidence<70%, condition<0.75",review,
APP_0003,A0003,Land,36,69336,0.8220792169,0.9718952019,15,24,2,1,19863,bank,Hanoi,21.0285,105.8542,17.7920783069,Mass,0.6332384783,0.2864745587,[],47088.0619624278,67.5,-32.09,review,"{'min_emp_years': True, 'min_credit_hist': True, 'max_delinquencies': True, 'amount_min': True, 'amount_max': True, 'max_dti': False}",0.42182666204969227,35741.06822390296,-32.0871380488811,0.8,confidence<70%,review,
APP_0004,A0004,Car,12,1797513,0.8535900447,0.9691659911,28,19,5,2,123185,bank,Hanoi,21.0285,105.8542,14.6409955328,High,0.6047837246,0.0685307978,[],1397807.6110145946,68.1,-22.24,review,"{'min_emp_years': True, 'min_credit_hist': True, 'max_delinquencies': False, 'amount_min': True, 'amount_max': True, 'max_dti': False}",0.08812729236077527,1098546.673740098,-22.236578482904182,0.8,"confidence<70%, legal<0.97",review,
APP_0005,A0005,Car,17,1108512,0.6423589615,0.9864842854,2,16,1,4,39689,non-bank,Can Tho,10.0452,105.7469,35.76410385,High,0.8932357047,0.05,[],642731.302570509,64.1,-42.02,review,"{'min_emp_years': True, 'min_credit_hist': True, 'max_delinquencies': True, 'amount_min': True, 'amount_max': True, 'max_dti': False}",0.06175053220726873,386919.8543250005,-42.01855256681849,0.8,"confidence<70%, condition<0.75",review,
APP_0006,A0006,Factory,26,323485,0.6561358388,0.9776496533,29,22,2,1,53943,bank,HCMC,10.7769,106.7009,34.3864161174,Mass,0.8995086228,0.1667558001,[],184141.0360020531,64.3,-43.08,review,"{'min_emp_years': True, 'min_credit_hist': True, 'max_delinquencies': True, 'amount_min': True, 'amount_max': True, 'max_dti': False}",0.2929439367300972,112215.07346273039,-43.075865650013725,0.8,"confidence<70%, condition<0.75",review,
APP_0007,A0007,House,5,639249,0.7676457277,0.9968069993,13,12,2,7,171004,bank,Hue,16.4637,107.5909,23.2354272273,High,0.4889904922,0.2675076535,[],491228.7919493256,66.8,-23.16,review,"{'min_emp_years': True, 'min_credit_hist': True, 'max_delinquencies': True, 'amount_min': True, 'amount_max': True, 'max_dti': False}",0.3481147742204014,357091.35404787783,-23.15532883910251,0.8,confidence<70%,review,
APP_0008,A0008,Land,22,1130370,0.9864927649,0.9890150747,23,18,0,3,176038,bank,Hanoi,21.0285,105.8542,1.3507235143,High,0.1309192239,0.1557348479,[],981538.7395421017,71.1,-13.17,approved,"{'min_emp_years': True, 'min_credit_hist': True, 'max_delinquencies': True, 'amount_min': True, 'amount_max': True, 'max_dti': True}",0.17934900876365165,909762.1534528239,-13.166596818554833,0.8,,approved,
APP_0009,A0009,Apartment,20,665599,0.8384170213,0.9739684782,12,7,0,6,169415,bank,HCMC,10.7769,106.7009,16.1582978706,High,0.6686668041,0.25453013,[],513628.9065454142,67.9,-22.83,review,"{'min_emp_years': True, 'min_credit_hist': True, 'max_delinquencies': True, 'amount_min': True, 'amount_max': True, 'max_dti': False}",0.32983930195724026,398453.87142644194,-22.832079593657113,0.8,confidence<70%,review,
APP_0010,A0010,House,31,261722,0.9732092886,0.9688179737,9,24,2,5,58196,bank,HCMC,10.7769,106.7009,2.679071136,Mass,0.8801644665,0.2223580746,[],220240.3496255037,70.5,-15.85,review,"{'min_emp_years': True, 'min_credit_hist': True, 'max_delinquencies': True, 'amount_min': True, 'amount_max': True, 'max_dti': False}",0.26423859251475207,197273.5799030097,-15.849508399942035,0.8,legal<0.97,review,
APP_0011,A0011,Car,39,1348678,0.9217443662,0.9993315772,23,15,0,2,127740,non-bank,HCMC,10.7769,106.7009,7.8255633755,High,0.3205774295,0.0947149727,[],1077078.7885257662,69.9,-20.14,review,"{'min_emp_years': True, 'min_credit_hist': True, 'max_delinquencies': True, 'amount_min': True, 'amount_max': True, 'max_dti': True}",0.11859856619666795,942521.3158864042,-20.138180609028527,0.8,confidence<70%,review,
APP_0012,A0012,Factory,26,1360868,0.7869526406,0.9858880118,20,19,0,1,126046,non-bank,Hue,16.4637,107.5909,21.3047359378,High,0.442027553,0.0926217679,[],918568.2653174156,67.0,-32.5,review,"{'min_emp_years': True, 'min_credit_hist': True, 'max_delinquencies': True, 'amount_min': True, 'amount_max': True, 'max_dti': True}",0.13722006818561733,677035.1633276027,-32.501295840785765,0.8,confidence<70%,review,
APP_0013,A0013,Land,16,281804,0.9139053797,0.997559733,4,11,2,5,45197,non-bank,Can Tho,10.0452,105.7469,8.6094620299,Mass,0.4110603861,0.1603845226,[],236360.6223171575,69.7,-16.13,review,"{'min_emp_years': True, 'min_credit_hist': True, 'max_delinquencies': True, 'amount_min': True, 'amount_max': True, 'max_dti': True}",0.19122051531643447,204709.9132151411,-16.125880996310375,0.8,confidence<70%,review,
APP_0014,A0014,Land,16,598405,0.6071347136,0.9559239289,21,21,1,2,115172,non-bank,Can Tho,10.0452,105.7469,39.2865286409,High,0.0937062814,0.1924649694,[],319515.1379323032,63.0,-46.61,review,"{'min_emp_years': True, 'min_credit_hist': True, 'max_delinquencies': True, 'amount_min': True, 'amount_max': True, 'max_dti': True}",0.36045866479228256,176166.54709447917,-46.60553672975607,0.8,"confidence<70%, legal<0.97, condition<0.75",review,
APP_0015,A0015,Land,17,525552,0.6436575987,0.992526684,22,1,3,1,109798,non-bank,Hue,16.4637,107.5909,35.6342401294,High,0.6214247665,0.2089193838,[],307208.9609524633,64.3,-41.55,review,"{'min_emp_years': True, 'min_credit_hist': False, 'max_delinquencies': False, 'amount_min': True, 'amount_max': True, 'max_dti': False}",0.3574049391644856,186446.6467560806,-41.54546820248742,0.8,"confidence<70%, condition<0.75",review,
APP_0016,A0016,Land,32,1335874,0.931771446,0.9818536942,11,2,0,7,85271,non-bank,HCMC,10.7769,106.7009,6.8228554047,High,0.3503370408,0.0638316189,[],1059597.1235434662,69.9,-20.68,review,"{'min_emp_years': True, 'min_credit_hist': False, 'max_delinquencies': True, 'amount_min': True, 'amount_max': True, 'max_dti': True}",0.08047492589904343,920917.1310440608,-20.681357407699664,0.8,confidence<70%,review,
APP_0017,A0017,Car,13,1474076,0.9187268353,0.9560960839,27,12,1,3,152815,bank,Can Tho,10.0452,105.7469,8.127316467,High,0.7193442934,0.1036683319,[],1210652.2891680237,69.2,-17.87,review,"{'min_emp_years': True, 'min_credit_hist': True, 'max_delinquencies': True, 'amount_min': True, 'amount_max': True, 'max_dti': False}",0.12622534262502116,1010254.9200181422,-17.8704293965831,0.8,"confidence<70%, legal<0.97",review,
APP_0018,A0018,House,7,1467639,0.6930562968,0.9794129,19,18,2,0,138747,bank,Da Nang,16.0544,108.2022,30.6943703213,High,0.757302064,0.0945375532,[],990189.0410985546,65.1,-32.53,review,"{'min_emp_years': True, 'min_credit_hist': True, 'max_delinquencies': True, 'amount_min': True, 'amount_max': True, 'max_dti': False}",0.14012172851970633,638522.2779377595,-32.53183915809306,0.8,"confidence<70%, condition<0.75",review,
APP_0019,A0019,Factory,14,1880584,0.8123078362,0.9843048183,10,20,5,3,111204,bank,Da Nang,16.0544,108.2022,18.769216376,High,0.7480461686,0.059132695,[],1398382.367549484,67.5,-25.64,review,"{'min_emp_years': True, 'min_credit_hist': True, 'max_delinquencies': False, 'amount_min': True, 'amount_max': True, 'max_dti': False}",0.07952331392369683,1062184.1055490922,-25.64105790810281,0.8,confidence<70%,review,
APP_0020,A0020,Car,1,1548862,0.8424063283,0.9506151343,0,11,3,3,147896,bank,Hue,16.4637,107.5909,15.759367172,High,0.4041660983,0.09548688,[],1234133.5263798577,67.6,-20.32,review,"{'min_emp_years': False, 'min_credit_hist': True, 'max_delinquencies': False, 'amount_min': True, 'amount_max': True, 'max_dti': True}",0.11983792421054336,938884.3514805587,-20.319981613606785,0.8,"confidence<70%, legal<0.97",review,
APP_0021,A0021,Car,5,675324,0.9470955815,0.9727158981,20,16,5,6,154990,bank,Hue,16.4637,107.5909,5.290441849,High,0.3233138299,0.2295046526,[],606591.9246776063,70.0,-10.18,approved,"{'min_emp_years': True, 'min_credit_hist': True, 'max_delinquencies': False, 'amount_min': True, 'amount_max': True, 'max_dti': True}",0.2555095010247204,530884.5105595386,-10.17764440807578,0.8,,approved,
APP_0022,A0022,Apartment,4,260094,0.8412428629,0.9912699756,6,13,2,5,117718,non-bank,Can Tho,10.0452,105.7469,15.8757137065,Mass,0.6864976627,0.4525979069,[],218930.8579348331,68.2,-15.83,review,"{'min_emp_years': True, 'min_credit_hist': True, 'max_delinquencies': True, 'amount_min': True, 'amount_max': True, 'max_dti': False}",0.5376948736712114,173437.86910276493,-15.826255917155683,0.8,confidence<70%,review,
APP_0023,A0023,House,31,1248553,0.7650286277,0.9647679513,22,24,2,1,60858,bank,Da Nang,16.0544,108.2022,23.4971372291,High,0.7311810188,0.05,[],806795.9102142928,66.3,-35.38,review,"{'min_emp_years': True, 'min_credit_hist': True, 'max_delinquencies': True, 'amount_min': True, 'amount_max': True, 'max_dti': False}",0.07543171603811864,565702.1749095868,-35.38152483600673,0.8,"confidence<70%, legal<0.97",review,
APP_0024,A0024,Factory,29,1836223,0.7496736174,0.9729274041,15,16,2,1,154100,bank,Hue,16.4637,107.5909,25.0326382637,High,0.4675688294,0.0839222687,[],1145102.073831419,66.1,-37.64,review,"{'min_emp_years': True, 'min_credit_hist': True, 'max_delinquencies': True, 'amount_min': True, 'amount_max': True, 'max_dti': False}",0.13457315598459607,793451.6544568391,-37.63818044804912,0.8,"confidence<70%, condition<0.75",review,
APP_0025,A0025,Land,28,1951552,0.7703528345,0.9721157064,14,10,5,4,146346,bank,Hue,16.4637,107.5909,22.9647165451,High,0.8090763666,0.0749895468,[],1256858.0293170128,66.5,-35.6,review,"{'min_emp_years': True, 'min_credit_hist': True, 'max_delinquencies': False, 'amount_min': True, 'amount_max': True, 'max_dti': False}",0.11643797197964009,894164.6041508438,-35.59700026865732,0.8,confidence<70%,review,
APP_0026,A0026,Land,19,498917,0.8607724102,0.9650963696,4,24,5,0,196849,bank,HCMC,10.7769,106.7009,13.9227589768,Mass,0.1723223917,0.3945526009,[],382592.1663730376,68.2,-23.32,review,"{'min_emp_years': True, 'min_credit_hist': True, 'max_delinquencies': False, 'amount_min': True, 'amount_max': True, 'max_dti': True}",0.514513932331973,301938.64319250354,-23.315468029143602,0.8,"confidence<70%, legal<0.97",review,
APP_0027,A0027,Car,28,511088,0.9469962527,0.9959220948,21,2,5,2,38459,bank,HCMC,10.7769,106.7009,5.3003747299,High,0.7972084627,0.0752492721,[],422832.085359197,70.4,-17.27,approved,"{'min_emp_years': True, 'min_credit_hist': False, 'max_delinquencies': False, 'amount_min': True, 'amount_max': True, 'max_dti': False}",0.09095572765564604,378848.147727502,-17.26824238503017,0.8,,approved,
APP_0028,A0028,Factory,7,122954,0.7815587528,0.9890647018,4,24,4,1,89661,non-bank,Hue,16.4637,107.5909,21.8441247169,Mass,0.131680948,0.7292239374,[],91718.3660757004,67.0,-25.4,review,"{'min_emp_years': True, 'min_credit_hist': True, 'max_delinquencies': False, 'amount_min': True, 'amount_max': True, 'max_dti': True}",0.9775686575794172,67354.44294583883,-25.40432513322023,0.8,"confidence<70%, ltv>cap",review,
APP_0029,A0029,Car,36,325461,0.6991358252,0.9555294205,12,3,3,0,185603,bank,Hanoi,21.0285,105.8542,30.0864174819,Mass,0.1804966937,0.5702772375,[],184809.1631649448,64.8,-43.22,review,"{'min_emp_years': True, 'min_credit_hist': True, 'max_delinquencies': False, 'amount_min': True, 'amount_max': True, 'max_dti': True}",1.0042954408832352,117287.76918406441,-43.21618775676816,0.8,"confidence<70%, legal<0.97, condition<0.75, ltv>cap",review,
APP_0030,A0030,Car,20,1131962,0.6946649452,0.9998517329,25,7,3,7,107770,non-bank,HCMC,10.7769,106.7009,30.5335054801,High,0.5037640113,0.0952063762,[],721747.8790607464,65.4,-36.24,review,"{'min_emp_years': True, 'min_credit_hist': True, 'max_delinquencies': False, 'amount_min': True, 'amount_max': True, 'max_dti': False}",0.14931806954562518,476233.68305538234,-36.239213060089796,0.8,"confidence<70%, condition<0.75",review,
APP_0031,A0031,Car,37,1116266,0.8984057121,0.9939600012,27,20,5,0,189098,bank,Hue,16.4637,107.5909,10.1594287903,High,0.1073907082,0.1694022751,[],847282.1071034283,69.4,-24.1,review,"{'min_emp_years': True, 'min_credit_hist': True, 'max_delinquencies': False, 'amount_min': True, 'amount_max': True, 'max_dti': True}",0.22318186400331558,718775.1481100451,-24.09675587150121,0.8,confidence<70%,review,
APP_0032,A0032,Apartment,6,773298,0.9266275054,0.9641954219,29,18,1,0,12369,bank,Can Tho,10.0452,105.7469,7.337249463,High,0.0948860362,0.05,[],690281.2841355411,69.5,-10.74,review,"{'min_emp_years': True, 'min_credit_hist': True, 'max_delinquencies': True, 'amount_min': True, 'amount_max': True, 'max_dti': True}",0.017918782218599556,585895.2216704235,-10.73541065209776,0.8,"confidence<70%, legal<0.97",review,
APP_0033,A0033,House,20,654413,0.6421112319,0.991844829,28,24,2,7,16682,bank,Da Nang,16.0544,108.2022,35.7888768058,High,0.0504409325,0.05,[],386354.2130417505,64.2,-40.96,review,"{'min_emp_years': True, 'min_credit_hist': True, 'max_delinquencies': True, 'amount_min': True, 'amount_max': True, 'max_dti': True}",0.04317799427800545,233756.26418468886,-40.96171484341685,0.8,"confidence<70%, condition<0.75",review,
APP_0034,A0034,Car,28,1668089,0.6266235428,0.9553209766,16,18,5,1,161245,non-bank,HCMC,10.7769,106.7009,37.3376457218,High,0.4208691607,0.0966645065,[],875938.9998538939,63.4,-47.49,review,"{'min_emp_years': True, 'min_credit_hist': True, 'max_delinquencies': False, 'amount_min': True, 'amount_max': True, 'max_dti': True}",0.18408245326089553,498142.37839793443,-47.48847334561322,0.8,"confidence<70%, legal<0.97, condition<0.75",review,
APP_0035,A0035,Factory,20,947066,0.8377734655,0.9999552365,6,15,2,6,78101,non-bank,Da Nang,16.0544,108.2022,16.2226534497,High,0.7084302991,0.0824662695,[],714052.1235055419,68.3,-24.6,review,"{'min_emp_years': True, 'min_credit_hist': True, 'max_delinquencies': True, 'amount_min': True, 'amount_max': True, 'max_dti': False}",0.10937716929763298,568277.7867125731,-24.603763253506944,0.8,confidence<70%,review,
APP_0036,A0036,House,18,1626090,0.6584692977,0.9832842368,25,8,1,0,108843,bank,Hue,16.4637,107.5909,34.1530702323,High,0.0796125977,0.0669354095,[],986819.6824030875,64.4,-39.31,review,"{'min_emp_years': True, 'min_credit_hist': True, 'max_delinquencies': True, 'amount_min': True, 'amount_max': True, 'max_dti': True}",0.11029674614408508,606982.2837297745,-39.313341672165286,0.8,"confidence<70%, condition<0.75",review,
APP_0037,A0037,Factory,7,1928263,0.9298656762,0.9825062508,24,0,3,1,91321,non-bank,Da Nang,16.0544,108.2022,7.0134323817,High,0.6044189655,0.05,[],1700000.7791875526,69.8,-11.84,review,"{'min_emp_years': True, 'min_credit_hist': False, 'max_delinquencies': False, 'amount_min': True, 'amount_max': True, 'max_dti': False}",0.053718210672611115,1475462.8016940546,-11.837712013996398,0.8,confidence<70%,review,
APP_0038,A0038,Factory,15,668420,0.7241338696,0.9545220363,29,3,1,0,87512,bank,Hanoi,21.0285,105.8542,27.586613043,High,0.7496582198,0.1309236707,[],427362.0844072688,65.3,-36.06,review,"{'min_emp_years': True, 'min_credit_hist': True, 'max_delinquencies': True, 'amount_min': True, 'amount_max': True, 'max_dti': False}",0.20477249431562242,280623.7438150826,-36.06383944117938,0.8,"confidence<70%, legal<0.97, condition<0.75",review,
APP_0039,A0039,Apartment,10,445339,0.6575487732,0.9948516699,19,7,5,5,188500,non-bank,Da Nang,16.0544,108.2022,34.2451226812,Mass,0.1928007213,0.4232730572,[],285061.0396241873,64.6,-35.99,review,"{'min_emp_years': True, 'min_credit_hist': True, 'max_delinquencies': False, 'amount_min': True, 'amount_max': True, 'max_dti': True}",0.661261883589952,177152.6996863481,-35.99010200674379,0.8,"confidence<70%, condition<0.75",review,
APP_0040,A0040,Land,12,1908153,0.968388189,0.9514499752,4,1,5,4,27873,bank,Da Nang,16.0544,108.2022,3.1611811005,High,0.1748341746,0.05,[],1652633.268398625,70.1,-13.39,review,"{'min_emp_years': True, 'min_credit_hist': False, 'max_delinquencies': False, 'amount_min': True, 'amount_max': True, 'max_dti': True}",0.016865810783906393,1446556.960684499,-13.390945673715626,0.8,legal<0.97,review,
APP_0041,A0041,House,27,1287920,0.6662126891,0.9620414029,15,12,1,3,156721,bank,Hue,16.4637,107.5909,33.3787310906,High,0.7816808276,0.1216853531,[],735442.7698613366,64.3,-42.9,review,"{'min_emp_years': True, 'min_credit_hist': True, 'max_delinquencies': True, 'amount_min': True, 'amount_max': True, 'max_dti': False}",0.21309747871958662,447794.9085225102,-42.89685928774019,0.8,"confidence<70%, legal<0.97, condition<0.75",review,
APP_0042,A0042,Land,25,617289,0.7138880329,0.9571510938,13,19,3,1,179034,non-bank,Can Tho,10.0452,105.7469,28.6111967065,High,0.7496559185,0.2900327075,[],369068.6810569772,65.1,-40.21,review,"{'min_emp_years': True, 'min_credit_hist': True, 'max_delinquencies': False, 'amount_min': True, 'amount_max': True, 'max_dti': False}",0.4850967020210543,239574.9465245382,-40.21136273982248,0.8,"confidence<70%, legal<0.97, condition<0.75",review,
APP_0043,A0043,Land,24,1262626,0.6614453581,0.988838397,25,24,5,0,134908,bank,Can Tho,10.0452,105.7469,33.8554641923,High,0.5081005013,0.1068471582,[],726736.0350685071,64.6,-42.44,review,"{'min_emp_years': True, 'min_credit_hist': True, 'max_delinquencies': False, 'amount_min': True, 'amount_max': True, 'max_dti': False}",0.18563549004045554,451564.295215756,-42.442494050613,0.8,"confidence<70%, condition<0.75",review,
APP_0044,A0044,Apartment,15,1054361,0.6461960255,0.9599102114,11,12,4,4,85051,bank,Hue,16.4637,107.5909,35.3803974534,High,0.7463198974,0.0806659199,[],623107.7959411803,63.8,-40.9,review,"{'min_emp_years': True, 'min_credit_hist': True, 'max_delinquencies': False, 'amount_min': True, 'amount_max': True, 'max_dti': False}",0.1364948417497068,367182.25475793664,-40.901854683435715,0.8,"confidence<70%, legal<0.97, condition<0.75",review,
APP_0045,A0045,House,38,1815787,0.6084592065,0.9955319114,9,21,1,1,40402,bank,HCMC,10.7769,106.7009,39.1540793465,High,0.1288426658,0.05,[],981657.0269595841,63.6,-45.94,review,"{'min_emp_years': True, 'min_credit_hist': True, 'max_delinquencies': True, 'amount_min': True, 'amount_max': True, 'max_dti': True}",0.04115694065282069,564898.0004443795,-45.937655299901145,0.8,"confidence<70%, condition<0.75",review,
APP_0046,A0046,Factory,4,549131,0.6221581637,0.982813452,2,24,3,4,139690,bank,Da Nang,16.0544,108.2022,37.7841836334,High,0.3853092902,0.2543837445,[],329059.1211636338,63.7,-40.08,review,"{'min_emp_years': True, 'min_credit_hist': True, 'max_delinquencies': False, 'amount_min': True, 'amount_max': True, 'max_dti': True}",0.4245133807749254,191147.8577137475,-40.07638957486759,0.8,"confidence<70%, condition<0.75",review,
APP_0047,A0047,Car,14,1983196,0.6698565884,0.9518081355,25,21,3,5,99071,non-bank,Hanoi,21.0285,105.8542,33.0143411626,High,0.6771279227,0.05,[],1175925.5650315075,64.2,-40.71,review,"{'min_emp_years': True, 'min_credit_hist': True, 'max_delinquencies': False, 'amount_min': True, 'amount_max': True, 'max_dti': False}",0.08424938018704059,712253.64967322,-40.705529608192656,0.8,"confidence<70%, legal<0.97, condition<0.75",review,
APP_0048,A0048,Factory,5,1875284,0.6213527731,0.9502714917,22,11,3,6,38381,non-bank,Can Tho,10.0452,105.7469,37.8647226949,High,0.2688341654,0.05,[],1079586.8982768876,63.2,-42.43,review,"{'min_emp_years': True, 'min_credit_hist': True, 'max_delinquencies': False, 'amount_min': True, 'amount_max': True, 'max_dti': True}",0.03555156149195524,605573.9044378621,-42.43075191400942,0.8,"confidence<70%, legal<0.97, condition<0.75",review,
APP_0049,A0049,Land,14,402368,0.8364575264,0.9525828959,1,8,0,3,78333,non-bank,Can Tho,10.0452,105.7469,16.3542473556,Mass,0.6894795773,0.1946799944,[],298162.5235135574,67.5,-25.9,review,"{'min_emp_years': False, 'min_credit_hist': True, 'max_delinquencies': True, 'amount_min': True, 'amount_max': True, 'max_dti': False}",0.2627191341048541,225695.72514173447,-25.89805264992311,0.8,"confidence<70%, legal<0.97",review,
APP_0050,A0050,Land,38,370985,0.8722858107,0.9802962589,13,24,1,0,192694,bank,Can Tho,10.0452,105.7469,12.771418928,Mass,0.4785518137,0.5194118361,[],269644.4148061487,68.7,-27.32,review,"{'min_emp_years': True, 'min_credit_hist': True, 'max_delinquencies': True, 'amount_min': True, 'amount_max': True, 'max_dti': False}",0.7146226267602485,219043.91223686968,-27.31662606139098,0.8,confidence<70%,review,
APP_0051,A0051,Land,15,1089655,0.7574521827,0.9900740905,14,6,5,2,60423,bank,HCMC,10.7769,106.7009,24.2547817267,High,0.6877260898,0.0554514961,[],770999.0402644392,66.5,-29.24,review,"{'min_emp_years': True, 'min_credit_hist': True, 'max_delinquencies': False, 'amount_min': True, 'amount_max': True, 'max_dti': False}",0.07836974735957644,549288.3140572316,-29.24374776746409,0.8,confidence<70%,review,
APP_0052,A0052,House,36,137575,0.7271964388,0.961927641,14,10,1,6,43903,bank,HCMC,10.7769,106.7009,27.2803561219,Mass,0.4449776922,0.3191204797,[],85889.8598425707,65.5,-37.57,review,"{'min_emp_years': True, 'min_credit_hist': True, 'max_delinquencies': True, 'amount_min': True, 'amount_max': True, 'max_dti': True}",0.5111546354886446,57076.80402525677,-37.568700823135956,0.8,"confidence<70%, legal<0.97, condition<0.75",review,
APP_0053,A0053,Apartment,20,632656,0.8018104948,0.9924704421,27,1,1,4,139575,bank,Can Tho,10.0452,105.7469,19.8189505191,High,0.3627186892,0.2206175236,[],466698.7988367327,67.4,-26.23,review,"{'min_emp_years': True, 'min_credit_hist': False, 'max_delinquencies': True, 'amount_min': True, 'amount_max': True, 'max_dti': True}",0.29906869344403036,352817.0839638313,-26.23182284895225,0.8,confidence<70%,review,
APP_0054,A0054,Car,28,898439,0.9500019769,0.952861597,4,19,1,4,47912,bank,Da Nang,16.0544,108.2022,4.9998023106,High,0.236310834,0.0533280501,[],699425.3680890093,69.8,-22.15,review,"{'min_emp_years': True, 'min_credit_hist': True, 'max_delinquencies': True, 'amount_min': True, 'amount_max': True, 'max_dti': True}",0.06850194772160836,601477.4064709161,-22.151045525738606,0.8,"confidence<70%, legal<0.97",review,
APP_0055,A0055,Car,18,1940277,0.9404526507,0.9900481927,9,16,1,3,184782,non-bank,Hue,16.4637,107.5909,5.9547349271,High,0.2271224402,0.0952348556,[],1643987.0723365548,70.2,-15.27,approved,"{'min_emp_years': True, 'min_credit_hist': True, 'max_delinquencies': True, 'amount_min': True, 'amount_max': True, 'max_dti': True}",0.11239869407085683,1454170.3107321935,-15.270496308694337,0.8,,approved,
APP_0056,A0056,House,11,1985132,0.6173900248,0.9963897715,5,2,0,1,173206,non-bank,Da Nang,16.0544,108.2022,38.2609975195,High,0.688767189,0.0872516286,[],1188631.6558762405,63.8,-40.12,review,"{'min_emp_years': True, 'min_credit_hist': False, 'max_delinquencies': True, 'amount_min': True, 'amount_max': True, 'max_dti': False}",0.14571881805748751,694639.96555552,-40.12329377208969,0.8,"confidence<70%, condition<0.75",review,
APP_0057,A0057,Car,30,345502,0.6725993638,0.98860542,7,5,2,7,196870,non-bank,Da Nang,16.0544,108.2022,32.7400636161,Mass,0.1510737958,0.5698085684,[],195276.0270982505,64.8,-43.48,review,"{'min_emp_years': True, 'min_credit_hist': True, 'max_delinquencies': True, 'amount_min': True, 'amount_max': True, 'max_dti': True}",1.0081626655633849,123353.64167764841,-43.480492993311046,0.8,"confidence<70%, condition<0.75, ltv>cap",review,
APP_0058,A0058,House,38,1788770,0.6946979484,0.9849060392,27,13,5,6,183390,bank,Hue,16.4637,107.5909,30.5302051558,High,0.1230849976,0.1025229627,[],1071522.9315770706,65.2,-40.1,review,"{'min_emp_years': True, 'min_credit_hist': True, 'max_delinquencies': False, 'amount_min': True, 'amount_max': True, 'max_dti': True}",0.1711489270043769,696491.6141316938,-40.0972214663109,0.8,"confidence<70%, condition<0.75",review,
APP_0059,A0059,Land,11,227311,0.6997550303,0.9918990109,28,13,0,7,56315,bank,Can Tho,10.0452,105.7469,30.0244969667,Mass,0.1998476603,0.2477442799,[],149095.9159670619,65.4,-34.41,review,"{'min_emp_years': True, 'min_credit_hist': True, 'max_delinquencies': True, 'amount_min': True, 'amount_max': True, 'max_dti': True}",0.37770987645591203,98311.1642023214,-34.40884252541148,0.8,"confidence<70%, condition<0.75",review,
APP_0060,A0060,Land,31,1509785,0.8284930607,0.952007565,1,20,1,6,50308,bank,HCMC,10.7769,106.7009,17.1506939303,High,0.1990445347,0.05,[],1032436.8055182861,67.3,-31.62,review,"{'min_emp_years': False, 'min_credit_hist': True, 'max_delinquencies': True, 'amount_min': True, 'amount_max': True, 'max_dti': True}",0.048727437583693314,773599.8169992233,-31.616964963999106,0.8,"confidence<70%, legal<0.97",review,
APP_0061,A0061,Factory,11,1699003,0.7665049703,0.9600891055,18,6,0,2,75101,bank,Can Tho,10.0452,105.7469,23.3495029719,High,0.7496414794,0.05,[],1181550.9975146044,66.2,-30.46,review,"{'min_emp_years': True, 'min_credit_hist': True, 'max_delinquencies': True, 'amount_min': True, 'amount_max': True, 'max_dti': False}",0.06356136989260315,826042.8823008421,-30.45621476156285,0.8,"confidence<70%, legal<0.97",review,
APP_0062,A0062,Land,28,1787045,0.619701648,0.956246184,6,23,3,2,99262,bank,HCMC,10.7769,106.7009,38.0298352029,High,0.38873063,0.0555453276,[],928937.463006888,63.2,-48.02,review,"{'min_emp_years': True, 'min_credit_hist': True, 'max_delinquencies': False, 'amount_min': True, 'amount_max': True, 'max_dti': True}",0.10685541702527286,522952.7477927429,-48.018238880000894,0.8,"confidence<70%, legal<0.97, condition<0.75",review,
APP_0063,A0063,Apartment,31,485664,0.7494456554,0.9752265495,5,11,1,1,177199,bank,Da Nang,16.0544,108.2022,25.0554344616,Mass,0.8918301888,0.3648592443,[],310769.0249246978,66.1,-36.01,review,"{'min_emp_years': True, 'min_credit_hist': True, 'max_delinquencies': True, 'amount_min': True, 'amount_max': True, 'max_dti': False}",0.5701951796609618,215777.9151921259,-36.011517237287954,0.8,"confidence<70%, condition<0.75",review,
APP_0064,A0064,Factory,18,1792220,0.8095011795,0.9872594064,8,20,4,7,149364,bank,Can Tho,10.0452,105.7469,19.0498820513,High,0.1666295691,0.0833402149,[],1303411.2884238616,67.5,-27.27,review,"{'min_emp_years': True, 'min_credit_hist': True, 'max_delinquencies': False, 'amount_min': True, 'amount_max': True, 'max_dti': True}",0.11459468037952708,989586.699245091,-27.27392349020424,0.8,confidence<70%,review,
APP_0065,A0065,Car,29,276162,0.6406687612,0.9815005922,5,5,3,4,132442,non-bank,Can Tho,10.0452,105.7469,35.9331238839,Mass,0.6055088518,0.4795808257,[],148475.278441826,64.0,-46.24,review,"{'min_emp_years': True, 'min_credit_hist': True, 'max_delinquencies': False, 'amount_min': True, 'amount_max': True, 'max_dti': False}",0.8920138179898549,88695.55755541103,-46.23616629303597,0.8,"confidence<70%, condition<0.75, ltv>cap",review,
APP_0066,A0066,Apartment,11,1061773,0.9333834215,0.992556555,14,0,4,3,176889,bank,Can Tho,10.0452,105.7469,6.6616578485,High,0.4314200811,0.1665977568,[],957449.8937092993,70.1,-9.83,approved,"{'min_emp_years': True, 'min_credit_hist': False, 'max_delinquencies': False, 'amount_min': True, 'amount_max': True, 'max_dti': True}",0.184750138009527,842665.0956501955,-9.825368161622187,0.8,,approved,
APP_0067,A0067,Factory,4,965613,0.6207847466,0.9577606496,29,1,3,7,132718,non-bank,HCMC,10.7769,106.7009,37.9215253414,High,0.3839804502,0.137444297,[],573888.3101499043,63.3,-40.57,review,"{'min_emp_years': True, 'min_credit_hist': False, 'max_delinquencies': False, 'amount_min': True, 'amount_max': True, 'max_dti': True}",0.23126102701993176,324152.2277996096,-40.567462311515655,0.8,"confidence<70%, legal<0.97, condition<0.75",review,
APP_0068,A0068,Apartment,4,666061,0.9699367476,0.9867310546,17,9,2,4,82020,bank,Can Tho,10.0452,105.7469,3.0063252393,High,0.7938215692,0.1231418744,[],643456.979047597,70.7,-3.39,approved,"{'min_emp_years': True, 'min_credit_hist': True, 'max_delinquencies': True, 'amount_min': True, 'amount_max': True, 'max_dti': False}",0.12746772926668795,585039.6911765864,-3.393686306870236,0.8,,approved,
APP_0069,A0069,House,18,93122,0.6396452566,0.9596520745,21,23,5,7,88470,bank,Can Tho,10.0452,105.7469,36.0354743368,Mass,0.879256299,0.9500440283,[],53577.6797519078,63.7,-42.47,review,"{'min_emp_years': True, 'min_credit_hist': True, 'max_delinquencies': False, 'amount_min': True, 'amount_max': True, 'max_dti': False}",1.65124731809331,31243.55887541173,-42.465067597444424,0.8,"confidence<70%, legal<0.97, condition<0.75, ltv>cap",review,
APP_0070,A0070,Car,36,1555424,0.9374299806,0.9635379376,14,1,2,7,108233,bank,Can Tho,10.0452,105.7469,6.2570019361,High,0.791930115,0.069584242,[],1194195.3596363822,69.7,-23.22,review,"{'min_emp_years': True, 'min_credit_hist': False, 'max_delinquencies': True, 'amount_min': True, 'amount_max': True, 'max_dti': False}",0.09063257458390696,1024723.3734184874,-23.223805236618297,0.8,"confidence<70%, legal<0.97",review,
APP_0071,A0071,Land,5,704388,0.9610612576,0.9854952349,0,9,5,0,26866,bank,Hanoi,21.0285,105.8542,3.8938742429,High,0.2134555772,0.05,[],650462.349267442,70.5,-7.66,approved,"{'min_emp_years': False, 'min_credit_hist': True, 'max_delinquencies': False, 'amount_min': True, 'amount_max': True, 'max_dti': True}",0.041302928647994445,585263.4022515845,-7.655674249498571,0.8,,approved,
APP_0072,A0072,House,18,1340239,0.9918282722,0.9990102392,2,2,5,2,150926,bank,Hue,16.4637,107.5909,0.8171727765,High,0.237678233,0.1126112581,[],1244707.4579809275,71.3,-7.13,approved,"{'min_emp_years': True, 'min_credit_hist': False, 'max_delinquencies': False, 'amount_min': True, 'amount_max': True, 'max_dti': True}",0.12125419433480458,1171648.444454844,-7.127948225583084,0.8,,approved,
APP_0073,A0073,Car,28,849928,0.9208103521,0.9805771803,8,23,3,5,134027,bank,Can Tho,10.0452,105.7469,7.9189647891,High,0.6076627972,0.157692181,[],659982.7180872245,69.6,-22.35,review,"{'min_emp_years': True, 'min_credit_hist': True, 'max_delinquencies': False, 'amount_min': True, 'amount_max': True, 'max_dti': False}",0.20307652962253286,566119.538827904,-22.348396795113878,0.8,confidence<70%,review,
APP_0074,A0074,House,8,778632,0.9117910163,0.9527250157,7,16,4,6,148915,non-bank,Hue,16.4637,107.5909,8.8208983691,High,0.2957210444,0.1912520934,[],668811.2712927301,69.0,-14.1,review,"{'min_emp_years': True, 'min_credit_hist': True, 'max_delinquencies': False, 'amount_min': True, 'amount_max': True, 'max_dti': True}",0.22265623561063136,551937.7087072886,-14.104317406331859,0.8,"confidence<70%, legal<0.97",review,
APP_0075,A0075,Land,29,1778277,0.8569933104,0.9808154485,25,19,1,1,111449,bank,HCMC,10.7769,106.7009,14.3006689602,High,0.6745163612,0.0626724633,[],1303558.2046352592,68.4,-26.7,review,"{'min_emp_years': True, 'min_credit_hist': True, 'max_delinquencies': True, 'amount_min': True, 'amount_max': True, 'max_dti': False}",0.0854959905922911,1040923.3776168351,-26.695435827193442,0.8,confidence<70%,review,
APP_0076,A0076,Car,12,234210,0.9115985418,0.9521175276,25,17,4,2,158762,bank,Hue,16.4637,107.5909,8.8401458169,Mass,0.5314575532,0.677861748,[],191085.3841191575,69.0,-18.41,review,"{'min_emp_years': True, 'min_credit_hist': True, 'max_delinquencies': False, 'amount_min': True, 'amount_max': True, 'max_dti': False}",0.8308432417887011,157559.7405417364,-18.412798719457964,0.8,"confidence<70%, legal<0.97, ltv>cap",review,
APP_0077,A0077,Apartment,32,1486403,0.6538208834,0.9942072856,25,16,4,4,190452,bank,Hanoi,21.0285,105.8542,34.6179116635,High,0.5182724532,0.1281294508,[],845918.3636989497,64.5,-43.09,review,"{'min_emp_years': True, 'min_credit_hist': True, 'max_delinquencies': False, 'amount_min': True, 'amount_max': True, 'max_dti': False}",0.2251422928888906,522381.4994873862,-43.089568327099066,0.8,"confidence<70%, condition<0.75",review,
APP_0078,A0078,Apartment,23,1506239,0.8144272144,0.9854789143,19,19,5,6,118287,bank,Da Nang,16.0544,108.2022,18.5572785621,High,0.7542648861,0.0785313619,[],1101980.7228718156,67.6,-26.84,review,"{'min_emp_years': True, 'min_credit_hist': True, 'max_delinquencies': False, 'amount_min': True, 'amount_max': True, 'max_dti': False}",0.10734035318851885,840228.1285012389,-26.838919794812405,0.8,confidence<70%,review,
APP_0079,A0079,Car,22,790983,0.8056891481,0.9586563923,16,0,1,0,94432,bank,Hue,16.4637,107.5909,19.4310851924,High,0.653952856,0.1193856252,[],543735.442741415,67.0,-31.26,review,"{'min_emp_years': True, 'min_credit_hist': False, 'max_delinquencies': True, 'amount_min': True, 'amount_max': True, 'max_dti': False}",0.1736726955371735,398971.37253018975,-31.25826436959897,0.8,"confidence<70%, legal<0.97",review,
APP_0080,A0080,Land,7,561798,0.9430288576,0.9545860503,19,21,4,4,29876,bank,Da Nang,16.0544,108.2022,5.6971142351,High,0.0725911002,0.0531792566,[],488031.1786634719,69.7,-13.13,review,"{'min_emp_years': True, 'min_credit_hist': True, 'max_delinquencies': False, 'amount_min': True, 'amount_max': True, 'max_dti': True}",0.06121740025262069,417360.40018697904,-13.130488420487099,0.8,"confidence<70%, legal<0.97",review,
APP_0081,A0081,Factory,19,60348,0.7851197462,0.9591766614,12,18,2,2,157948,non-bank,Hue,16.4637,107.5909,21.4880253763,Mass,0.0920402666,1.5,[],41128.7929657686,66.6,-31.85,review,"{'min_emp_years': True, 'min_credit_hist': True, 'max_delinquencies': True, 'amount_min': True, 'amount_max': True, 'max_dti': True}",3.8403266570808374,29424.15994835287,-31.847297398805917,0.8,"confidence<70%, legal<0.97, ltv>cap",review,
APP_0082,A0082,Car,34,1876785,0.7540357984,0.999001359,20,18,1,1,181754,non-bank,HCMC,10.7769,106.7009,24.596420156,High,0.5613246846,0.0968432719,[],1225721.1078766617,66.6,-34.69,review,"{'min_emp_years': True, 'min_credit_hist': True, 'max_delinquencies': True, 'amount_min': True, 'amount_max': True, 'max_dti': False}",0.14828332385892878,877148.8820062976,-34.69038233592757,0.8,confidence<70%,review,
APP_0083,A0083,House,1,1898076,0.8558253085,0.9729280321,23,9,1,4,142903,non-bank,Hue,16.4637,107.5909,14.4174691505,High,0.4632632643,0.0752883446,[],1619719.2551941273,68.2,-14.67,review,"{'min_emp_years': True, 'min_credit_hist': True, 'max_delinquencies': True, 'amount_min': True, 'amount_max': True, 'max_dti': False}",0.08822701807226013,1281236.1749557438,-14.66520543992299,0.8,confidence<70%,review,
APP_0084,A0084,Factory,30,519892,0.706585327,0.9892040474,22,20,3,3,174458,bank,Hue,16.4637,107.5909,29.3414673,High,0.271156957,0.3355658483,[],308874.8586103022,65.5,-40.59,review,"{'min_emp_years': True, 'min_credit_hist': True, 'max_delinquencies': False, 'amount_min': True, 'amount_max': True, 'max_dti': True}",0.5648177413497686,205095.75148379238,-40.588649448288834,0.8,"confidence<70%, condition<0.75",review,
APP_0085,A0085,Land,20,112226,0.6559073644,0.9818204171,18,9,1,5,173627,bank,Hue,16.4637,107.5909,34.4092635618,Mass,0.4058576742,1.5,[],65044.4969930649,64.3,-42.04,review,"{'min_emp_years': True, 'min_credit_hist': True, 'max_delinquencies': True, 'amount_min': True, 'amount_max': True, 'max_dti': True}",2.6693572558261502,39793.18775127948,-42.04150821283401,0.8,"confidence<70%, condition<0.75, ltv>cap",review,
APP_0086,A0086,Land,29,289377,0.7911509096,0.9786206575,1,1,0,2,161638,non-bank,HCMC,10.7769,106.7009,20.8849090391,Mass,0.6942237709,0.5585723814,[],195390.7532468438,67.0,-32.48,review,"{'min_emp_years': False, 'min_credit_hist': False, 'max_delinquencies': True, 'amount_min': True, 'amount_max': True, 'max_dti': False}",0.8272551147586663,143714.74317338516,-32.478824078332494,0.8,"confidence<70%, ltv>cap",review,
APP_0087,A0087,House,26,181903,0.7667557474,0.9572565127,21,22,2,6,105547,bank,HCMC,10.7769,106.7009,23.3244252562,Mass,0.752619762,0.5802378191,[],121964.5964478391,66.2,-32.95,review,"{'min_emp_years': True, 'min_credit_hist': True, 'max_delinquencies': True, 'amount_min': True, 'amount_max': True, 'max_dti': False}",0.8653904745639818,85043.81972791409,-32.95075042861355,0.8,"confidence<70%, legal<0.97, ltv>cap",review,
APP_0088,A0088,Apartment,17,1670669,0.6930279762,0.9973012227,10,5,3,0,28973,bank,HCMC,10.7769,106.7009,30.6972023788,High,0.5270396077,0.05,[],1109373.8521452884,65.3,-33.6,review,"{'min_emp_years': True, 'min_credit_hist': True, 'max_delinquencies': False, 'amount_min': True, 'amount_max': True, 'max_dti': False}",0.02611653406466405,728414.6113125257,-33.597028965923926,0.8,"confidence<70%, condition<0.75",review,
APP_0089,A0089,Land,13,1789227,0.747004724,0.9650671316,22,2,1,6,10616,bank,Da Nang,16.0544,108.2022,25.2995275954,High,0.3775640587,0.05,[],1206029.4889311679,65.9,-32.59,review,"{'min_emp_years': True, 'min_credit_hist': False, 'max_delinquencies': True, 'amount_min': True, 'amount_max': True, 'max_dti': True}",0.008802438163770215,825966.4464015366,-32.59494245664927,0.8,"confidence<70%, legal<0.97, condition<0.75",review,
APP_0090,A0090,Factory,25,348904,0.7465569799,0.9789008608,16,15,5,0,48835,non-bank,Da Nang,16.0544,108.2022,25.344302007,Mass,0.2800922473,0.1399668677,[],223108.2717699764,66.1,-36.05,review,"{'min_emp_years': True, 'min_credit_hist': True, 'max_delinquencies': False, 'amount_min': True, 'amount_max': True, 'max_dti': True}",0.21888475766756268,154896.26580577012,-36.05453885023491,0.8,"confidence<70%, condition<0.75",review,
APP_0091,A0091,Car,6,1506141,0.7309982258,0.9849887972,26,5,4,5,91894,bank,HCMC,10.7769,106.7009,26.9001774235,High,0.4936307002,0.0610128799,[],1072964.0004247401,65.9,-28.76,review,"{'min_emp_years': True, 'min_credit_hist': True, 'max_delinquencies': False, 'amount_min': True, 'amount_max': True, 'max_dti': False}",0.0856449983071409,733932.9235920979,-28.760720249648596,0.8,"confidence<70%, condition<0.75",review,
APP_0092,A0092,Factory,23,399573,0.7517856319,0.9824616578,10,21,3,2,151284,non-bank,Da Nang,16.0544,108.2022,24.8214368109,Mass,0.3175371758,0.3786141706,[],261185.484141061,66.3,-34.63,review,"{'min_emp_years': True, 'min_credit_hist': True, 'max_delinquencies': False, 'amount_min': True, 'amount_max': True, 'max_dti': True}",0.5792205508568561,183266.1571679323,-34.63385060025052,0.8,confidence<70%,review,
APP_0093,A0093,Factory,4,766057,0.8742973382,0.9970297205,27,11,5,3,96603,non-bank,HCMC,10.7769,106.7009,12.5702661818,High,0.5294808665,0.1261041933,[],667505.1079605686,68.9,-12.86,review,"{'min_emp_years': True, 'min_credit_hist': True, 'max_delinquencies': False, 'amount_min': True, 'amount_max': True, 'max_dti': False}",0.14472248803481308,552771.265623504,-12.864824946372316,0.8,confidence<70%,review,
APP_0094,A0094,Apartment,26,1218796,0.7187505898,0.9574219495,25,0,2,0,14396,bank,HCMC,10.7769,106.7009,28.1249410171,High,0.6251545251,0.05,[],766162.9837666019,65.2,-37.14,review,"{'min_emp_years': True, 'min_credit_hist': False, 'max_delinquencies': True, 'amount_min': True, 'amount_max': True, 'max_dti': False}",0.01878973574163887,500871.5509331072,-37.1377175699131,0.8,"confidence<70%, legal<0.97, condition<0.75",review,
APP_0095,A0095,Factory,25,1453857,0.9795431707,0.9754176369,9,23,0,5,49965,non-bank,Hue,16.4637,107.5909,2.0456829314,High,0.1061673293,0.05,[],1215469.1206111691,70.7,-16.4,approved,"{'min_emp_years': True, 'min_credit_hist': True, 'max_delinquencies': True, 'amount_min': True, 'amount_max': True, 'max_dti': True}",0.04110758484335358,1103269.7745093885,-16.396927578766746,0.8,,approved,
APP_0096,A0096,Apartment,4,1755395,0.9665392078,0.9702017195,14,12,0,1,196052,bank,Can Tho,10.0452,105.7469,3.3460792185,High,0.0509073453,0.1116854041,[],1661573.9446374376,70.4,-5.34,approved,"{'min_emp_years': True, 'min_credit_hist': True, 'max_delinquencies': True, 'amount_min': True, 'amount_max': True, 'max_dti': True}",0.11799173947854567,1480214.9784768661,-5.344726136428691,0.8,,approved,
APP_0097,A0097,Apartment,30,137330,0.7923641713,0.9737084365,15,6,5,5,197724,bank,HCMC,10.7769,106.7009,20.763582868,Mass,0.230435568,1.43977281,[],94564.3425115762,67.0,-31.14,review,"{'min_emp_years': True, 'min_credit_hist': True, 'max_delinquencies': False, 'amount_min': True, 'amount_max': True, 'max_dti': True}",2.090893826875552,69311.4165977782,-31.140797705107264,0.8,"confidence<70%, ltv>cap",review,
APP_0098,A0098,Land,17,433047,0.731344482,0.9559608763,23,16,5,5,81657,bank,Can Tho,10.0452,105.7469,26.8655517998,Mass,0.8103347731,0.1885638279,[],277024.5359450853,65.5,-36.03,review,"{'min_emp_years': True, 'min_credit_hist': True, 'max_delinquencies': False, 'amount_min': True, 'amount_max': True, 'max_dti': False}",0.2947645042393895,183994.12201479598,-36.028990861249405,0.8,"confidence<70%, legal<0.97, condition<0.75",review,
APP_0099,A0099,Land,31,596991,0.8141739159,0.9567047305,20,13,4,6,162947,non-bank,Da Nang,16.0544,108.2022,18.5826084068,High,0.5993471487,0.2729471634,[],395259.0437137402,67.1,-33.79,review,"{'min_emp_years': True, 'min_credit_hist': True, 'max_delinquencies': False, 'amount_min': True, 'amount_max': True, 'max_dti': False}",0.4122536918295326,292482.93141236383,-33.79145687058261,0.8,"confidence<70%, legal<0.97",review,
APP_0100,A0100,House,2,655131,0.9394241955,0.9639037773,25,0,0,5,146669,bank,Hanoi,21.0285,105.8542,6.0575804491,High,0.1961662991,0.2238773619,[],604917.283505555,69.7,-7.66,review,"{'min_emp_years': True, 'min_credit_hist': False, 'max_delinquencies': True, 'amount_min': True, 'amount_max': True, 'max_dti': True}",0.2424612488339542,520373.3204835565,-7.664683322029486,0.8,"confidence<70%, legal<0.97",review,
APP_0101,A0101,Factory,7,1996154,0.8610349362,0.9652352302,11,18,1,2,186941,bank,HCMC,10.7769,106.7009,13.8965063776,High,0.8067243676,0.0936505901,[],1632959.6986254945,68.2,-18.19,review,"{'min_emp_years': True, 'min_credit_hist': True, 'max_delinquencies': True, 'amount_min': True, 'amount_max': True, 'max_dti': False}",0.11447986141810676,1289297.1119198105,-18.19470348352409,0.8,"confidence<70%, legal<0.97",review,
APP_0102,A0102,House,20,1565939,0.9217567312,0.9713951607,15,10,0,5,178638,bank,Hanoi,21.0285,105.8542,7.8243268821,High,0.4494625492,0.1140772406,[],1299770.955000043,69.5,-17.0,review,"{'min_emp_years': True, 'min_credit_hist': True, 'max_delinquencies': True, 'amount_min': True, 'amount_max': True, 'max_dti': True}",0.13743806115439325,1105611.8542389732,-16.99734440485594,0.8,confidence<70%,review,
APP_0103,A0103,Factory,8,674813,0.8130889104,0.9805493774,12,17,0,6,129460,bank,Hanoi,21.0285,105.8542,18.6911089574,High,0.4546779932,0.191845741,[],516490.311905882,67.5,-23.46,review,"{'min_emp_years': True, 'min_credit_hist': True, 'max_delinquencies': True, 'amount_min': True, 'amount_max': True, 'max_dti': False}",0.25065329787558727,391194.99615426897,-23.46171281438236,0.8,confidence<70%,review,
APP_0104,A0104,House,13,1945061,0.8531670517,0.9817314559,27,22,1,2,84979,bank,HCMC,10.7769,106.7009,14.6832948293,High,0.8452106523,0.05,[],1599414.0901497724,68.3,-17.77,review,"{'min_emp_years': True, 'min_credit_hist': True, 'max_delinquencies': True, 'amount_min': True, 'amount_max': True, 'max_dti': False}",0.053131331356498425,1272656.8067504698,-17.770492023141056,0.8,confidence<70%,review,
APP_0105,A0105,Land,26,1023648,0.7152622457,0.9705905448,9,15,3,0,129065,bank,Da Nang,16.0544,108.2022,28.4737754327,High,0.1005636884,0.1260833802,[],618260.1472770822,65.4,-39.6,review,"{'min_emp_years': True, 'min_credit_hist': True, 'max_delinquencies': False, 'amount_min': True, 'amount_max': True, 'max_dti': True}",0.20875516652403225,407752.1094134715,-39.60227077305068,0.8,"confidence<70%, condition<0.75",review,
APP_0106,A0106,Land,6,1026445,0.8939572649,0.9704391555,17,16,0,7,70635,bank,Hue,16.4637,107.5909,10.6042735076,High,0.2329015334,0.0688151825,[],863758.8041974608,68.9,-15.85,review,"{'min_emp_years': True, 'min_credit_hist': True, 'max_delinquencies': True, 'amount_min': True, 'amount_max': True, 'max_dti': True}",0.08177630104231319,711870.7715082262,-15.849480079550219,0.8,confidence<70%,review,
APP_0107,A0107,Land,27,895712,0.6809618373,0.9608814263,3,6,5,1,76137,non-bank,Hanoi,21.0285,105.8542,31.903816275,High,0.5479056264,0.0850016523,[],506963.9434815531,64.5,-43.4,review,"{'min_emp_years': True, 'min_credit_hist': True, 'max_delinquencies': False, 'amount_min': True, 'amount_max': True, 'max_dti': False}",0.1501822782052949,315132.5400214039,-43.40101020399938,0.8,"confidence<70%, legal<0.97, condition<0.75",review,
APP_0108,A0108,Land,5,330600,0.8779192515,0.9794153124,25,5,2,4,125660,bank,Can Tho,10.0452,105.7469,12.2080748473,Mass,0.2161635331,0.3800967937,[],277158.9626126476,68.7,-16.16,review,"{'min_emp_years': True, 'min_credit_hist': True, 'max_delinquencies': True, 'amount_min': True, 'amount_max': True, 'max_dti': True}",0.4533860237297112,226398.73431334406,-16.16486309357301,0.8,confidence<70%,review,
APP_0109,A0109,Car,7,1872026,0.9442876273,0.9658520456,11,10,1,1,118565,non-bank,HCMC,10.7769,106.7009,5.571237267,High,0.6275979578,0.0633351246,[],1680560.9370448436,69.9,-10.23,review,"{'min_emp_years': True, 'min_credit_hist': True, 'max_delinquencies': True, 'amount_min': True, 'amount_max': True, 'max_dti': False}",0.07055084846163852,1456105.2681038708,-10.227692508285486,0.8,"confidence<70%, legal<0.97",review,
APP_0110,A0110,Land,23,77175,0.6528411349,0.9518029917,10,21,3,1,120387,bank,Hanoi,21.0285,105.8542,34.7158865079,Mass,0.2319784459,1.5,[],42439.913054111,63.8,-45.01,review,"{'min_emp_years': True, 'min_credit_hist': True, 'max_delinquencies': False, 'amount_min': True, 'amount_max': True, 'max_dti': True}",2.836645773673152,25052.592101515682,-45.00821113817817,0.8,"confidence<70%, legal<0.97, condition<0.75, ltv>cap",review,
APP_0111,A0111,Apartment,31,389843,0.8457518962,0.9709200022,17,13,4,6,83088,bank,Hue,16.4637,107.5909,15.4248103783,Mass,0.134283425,0.2131319531,[],280267.2287276968,68.0,-28.11,review,"{'min_emp_years': True, 'min_credit_hist': True, 'max_delinquencies': False, 'amount_min': True, 'amount_max': True, 'max_dti': True}",0.2964599192605818,218636.34216973194,-28.107666745921613,0.8,confidence<70%,review,
APP_0112,A0112,Land,7,497829,0.6380382993,0.9737066338,14,8,1,1,87736,bank,Hue,16.4637,107.5909,36.1961700708,Mass,0.2259373857,0.176237222,[],298457.4216543541,63.9,-40.05,review,"{'min_emp_years': True, 'min_credit_hist': True, 'max_delinquencies': True, 'amount_min': True, 'amount_max': True, 'max_dti': True}",0.2939648795251195,176149.27729893304,-40.0482049751312,0.8,"confidence<70%, condition<0.75",review,
APP_0113,A0113,Car,12,594630,0.8902862513,0.9612796434,25,19,0,5,11936,bank,Hue,16.4637,107.5909,10.9713748691,High,0.4093239291,0.05,[],478359.1461451229,68.7,-19.55,review,"{'min_emp_years': True, 'min_credit_hist': True, 'max_delinquencies': True, 'amount_min': True, 'amount_max': True, 'max_dti': True}",0.024951963595107887,388917.1543850346,-19.5534792820539,0.8,"confidence<70%, legal<0.97",review,
APP_0114,A0114,Car,37,307053,0.6337972875,0.9786228967,15,21,0,5,124337,non-bank,Hanoi,21.0285,105.8542,36.6202712471,Mass,0.1997175543,0.404936607,[],161881.7980350057,63.9,-47.28,review,"{'min_emp_years': True, 'min_credit_hist': True, 'max_delinquencies': True, 'amount_min': True, 'amount_max': True, 'max_dti': True}",0.7680727636414879,95386.60104188012,-47.27887431974099,0.8,"confidence<70%, condition<0.75",review,
APP_0115,A0115,Car,39,85024,0.9743759291,0.978288595,15,22,5,0,119399,bank,Hanoi,21.0285,105.8542,2.562407092,Mass,0.1644882212,1.4042976101,[],68889.652745348,70.7,-18.98,review,"{'min_emp_years': True, 'min_credit_hist': True, 'max_delinquencies': False, 'amount_min': True, 'amount_max': True, 'max_dti': True}",1.7331920722747847,62383.701246952536,-18.976227011963687,0.8,ltv>cap,review,
APP_0116,A0116,Car,23,1371434,0.654963172,0.9851001091,3,7,0,1,187722,bank,HCMC,10.7769,106.7009,34.5036827985,High,0.7812396033,0.1368800832,[],798758.7016954914,64.4,-41.76,review,"{'min_emp_years': True, 'min_credit_hist': True, 'max_delinquencies': True, 'amount_min': True, 'amount_max': True, 'max_dti': False}",0.2350171579996943,489594.41562293476,-41.75740854496159,0.8,"confidence<70%, condition<0.75",review,
APP_0117,A0117,House,18,1940154,0.9835520984,0.9823974241,0,17,3,6,105813,bank,Da Nang,16.0544,108.2022,1.6447901636,High,0.3223376231,0.0545384542,[],1757111.83863897,70.9,-9.43,approved,"{'min_emp_years': False, 'min_credit_hist': True, 'max_delinquencies': False, 'amount_min': True, 'amount_max': True, 'max_dti': True}",0.06021984353708584,1612900.5665799303,-9.434414039351005,0.8,,approved,
APP_0118,A0118,House,14,287573,0.9203536704,0.9826216528,11,14,2,4,98851,non-bank,Can Tho,10.0452,105.7469,7.9646329566,Mass,0.3566448835,0.3437422846,[],249120.4386288681,69.6,-13.37,review,"{'min_emp_years': True, 'min_credit_hist': True, 'max_delinquencies': True, 'amount_min': True, 'amount_max': True, 'max_dti': True}",0.39680003994881025,214029.70048106095,-13.371408780077369,0.8,confidence<70%,review,
APP_0119,A0119,Apartment,24,628243,0.8374728018,0.9658107076,29,11,4,0,22859,bank,HCMC,10.7769,106.7009,16.2527198213,High,0.0969798481,0.05,[],469528.9306253007,67.7,-25.26,review,"{'min_emp_years': True, 'min_credit_hist': True, 'max_delinquencies': False, 'amount_min': True, 'amount_max': True, 'max_dti': True}",0.04868496594993041,360785.1801338668,-25.2631655863574,0.8,"confidence<70%, legal<0.97",review,
APP_0120,A0120,House,24,1037343,0.9130496419,0.9893716111,27,9,0,7,47381,bank,Hanoi,21.0285,105.8542,8.6950358148,High,0.35376418,0.05,[],849368.4257805428,69.6,-18.12,review,"{'min_emp_years': True, 'min_credit_hist': True, 'max_delinquencies': True, 'amount_min': True, 'amount_max': True, 'max_dti': True}",0.05578380189545939,728909.4034611189,-18.120773381558195,0.8,confidence<70%,review,
APP_0121,A0121,Car,12,1858629,0.9180459356,0.9774572192,18,2,5,2,74227,non-bank,Can Tho,10.0452,105.7469,8.1954064407,High,0.2750861007,0.05,[],1567771.385096725,69.5,-15.65,review,"{'min_emp_years': True, 'min_credit_hist': False, 'max_delinquencies': False, 'amount_min': True, 'amount_max': True, 'max_dti': True}",0.04734555095570934,1336498.6040996164,-15.64904103526174,0.8,confidence<70%,review,
APP_0122,A0122,Land,1,1403811,0.9784108251,0.9715709098,18,6,4,0,81669,non-bank,Hanoi,21.0285,105.8542,2.1589174873,High,0.5689123072,0.0581766349,[],1327784.1310489972,70.6,-5.42,approved,"{'min_emp_years': True, 'min_credit_hist': True, 'max_delinquencies': False, 'amount_min': True, 'amount_max': True, 'max_dti': False}",0.061507739165009116,1199076.3332737065,-5.415748199081132,0.8,,approved,
APP_0123,A0123,Land,6,1544066,0.7013533415,0.981300624,11,13,2,7,78910,non-bank,Hanoi,21.0285,105.8542,29.8646658464,High,0.224581753,0.0511053284,[],1030805.0553622198,65.2,-33.24,review,"{'min_emp_years': True, 'min_credit_hist': True, 'max_delinquencies': True, 'amount_min': True, 'amount_max': True, 'max_dti': True}",0.07655181703806392,673967.7110862685,-33.24086824253498,0.8,"confidence<70%, condition<0.75",review,
APP_0124,A0124,Car,38,1183177,0.8360303581,0.9680328667,5,22,1,0,84880,bank,Da Nang,16.0544,108.2022,16.3969641857,High,0.8051106351,0.0717390551,[],813918.2661740046,67.7,-31.21,review,"{'min_emp_years': True, 'min_credit_hist': True, 'max_delinquencies': True, 'amount_min': True, 'amount_max': True, 'max_dti': False}",0.10428565560888126,625772.6112818823,-31.20908653785489,0.8,"confidence<70%, legal<0.97",review,
APP_0125,A0125,Factory,17,863219,0.638019679,0.9756369622,0,21,5,4,156094,bank,Da Nang,16.0544,108.2022,36.1980320974,High,0.8402166278,0.1808278085,[],491659.4653133843,63.9,-43.04,review,"{'min_emp_years': False, 'min_credit_hist': True, 'max_delinquencies': False, 'amount_min': True, 'amount_max': True, 'max_dti': False}",0.3174839721645662,290743.7109659353,-43.04348429386004,0.8,"confidence<70%, condition<0.75",review,
APP_0126,A0126,Car,19,439562,0.84646628,0.9868352844,10,4,1,7,34910,bank,Hue,16.4637,107.5909,15.353371999,Mass,0.1348563986,0.0794199681,[],332294.4222479609,68.2,-24.4,review,"{'min_emp_years': True, 'min_credit_hist': True, 'max_delinquencies': True, 'amount_min': True, 'amount_max': True, 'max_dti': True}",0.10505743600459795,263694.449380417,-24.403287306918962,0.8,confidence<70%,review,
APP_0127,A0127,House,19,1735413,0.6685165216,0.9943201443,9,16,2,4,73129,non-bank,Can Tho,10.0452,105.7469,33.1483478363,High,0.1412925128,0.05,[],1075293.5313626442,64.8,-38.04,review,"{'min_emp_years': True, 'min_credit_hist': True, 'max_delinquencies': True, 'amount_min': True, 'amount_max': True, 'max_dti': True}",0.06800840688340117,679030.0926180385,-38.0381770009419,0.8,"confidence<70%, condition<0.75",review,
APP_0128,A0128,Land,31,1618042,0.8259802446,0.9960528599,5,2,2,4,40945,bank,Can Tho,10.0452,105.7469,17.4019755411,High,0.1480274724,0.05,[],1131516.1662190377,68.0,-30.07,review,"{'min_emp_years': True, 'min_credit_hist': False, 'max_delinquencies': True, 'amount_min': True, 'amount_max': True, 'max_dti': True}",0.03618596112225047,884374.91497788,-30.068801290755264,0.8,confidence<70%,review,
APP_0129,A0129,Car,3,98947,0.8289722056,0.9751816463,7,16,1,3,68481,non-bank,HCMC,10.7769,106.7009,17.1027794386,Mass,0.5766338679,0.6920977897,[],80364.5508584702,67.7,-18.78,review,"{'min_emp_years': True, 'min_credit_hist': True, 'max_delinquencies': True, 'amount_min': True, 'amount_max': True, 'max_dti': False}",0.8521294434980631,61718.25173668388,-18.78020469698909,0.8,"confidence<70%, ltv>cap",review,
APP_0130,A0130,Land,4,1445043,0.7863940612,0.9760137557,0,8,2,1,140066,bank,Can Tho,10.0452,105.7469,21.3605938808,High,0.1536736196,0.0969286035,[],1086933.589269952,66.9,-24.78,review,"{'min_emp_years': False, 'min_credit_hist': True, 'max_delinquencies': True, 'amount_min': True, 'amount_max': True, 'max_dti': True}",0.12886343874429027,792542.8983260355,-24.781920726929794,0.8,confidence<70%,review,
APP_0131,A0131,Car,11,214556,0.8090527102,0.9899935205,18,11,0,4,18885,bank,Hue,16.4637,107.5909,19.0947289795,Mass,0.7745249702,0.0880189787,[],162398.3609494435,67.5,-24.31,review,"{'min_emp_years': True, 'min_credit_hist': True, 'max_delinquencies': True, 'amount_min': True, 'amount_max': True, 'max_dti': False}",0.1162881194711018,123570.38966447033,-24.30956908711781,0.8,confidence<70%,review,
APP_0132,A0132,Car,19,1491018,0.905569356,0.9657225346,27,17,0,7,74500,non-bank,Hanoi,21.0285,105.8542,9.4430643997,High,0.6911307877,0.05,[],1180063.9655663734,69.1,-20.86,review,"{'min_emp_years': True, 'min_credit_hist': True, 'max_delinquencies': True, 'amount_min': True, 'amount_max': True, 'max_dti': False}",0.0631321709448552,980399.8532535061,-20.855149598034803,0.8,"confidence<70%, legal<0.97",review,
APP_0133,A0133,House,27,1660609,0.9196978866,0.9918691181,20,10,1,0,14500,bank,Can Tho,10.0452,105.7469,8.0302113395,High,0.7468375295,0.05,[],1349647.2580470094,69.8,-18.73,review,"{'min_emp_years': True, 'min_credit_hist': True, 'max_delinquencies': True, 'amount_min': True, 'amount_max': True, 'max_dti': False}",0.010743547925983303,1169616.3730774801,-18.725765183314714,0.8,confidence<70%,review,
APP_0134,A0134,Car,20,305562,0.7968612862,0.9747070823,13,20,0,7,191430,non-bank,Hanoi,21.0285,105.8542,20.313871377,Mass,0.4971514479,0.6264849687,[],213598.7482097272,67.1,-30.1,review,"{'min_emp_years': True, 'min_credit_hist': True, 'max_delinquencies': True, 'amount_min': True, 'amount_max': True, 'max_dti': False}",0.8962131173729526,157608.32670486503,-30.09642946121337,0.8,"confidence<70%, ltv>cap",review,
APP_0135,A0135,Land,18,895979,0.8398373766,0.9557928362,12,13,2,3,148179,bank,Da Nang,16.0544,108.2022,16.0162623391,High,0.8971756298,0.1653822244,[],654482.732741013,67.6,-26.95,review,"{'min_emp_years': True, 'min_credit_hist': True, 'max_delinquencies': True, 'amount_min': True, 'amount_max': True, 'max_dti': False}",0.226406278710238,499092.1834814606,-26.953340118349534,0.8,"confidence<70%, legal<0.97",review,
APP_0136,A0136,Apartment,37,291319,0.9724944943,0.9536029574,9,24,5,4,56283,bank,Hue,16.4637,107.5909,2.7505505724,Mass,0.0875488375,0.1932005808,[],236526.4433989731,70.3,-18.81,review,"{'min_emp_years': True, 'min_credit_hist': True, 'max_delinquencies': False, 'amount_min': True, 'amount_max': True, 'max_dti': True}",0.2379564804306543,208380.96614628594,-18.808439065432363,0.8,legal<0.97,review,
APP_0137,A0137,Land,7,1156200,0.6478934354,0.9920996606,4,15,0,1,47657,bank,HCMC,10.7769,106.7009,35.21065646,High,0.3910752196,0.05,[],731508.4222965178,64.3,-36.73,review,"{'min_emp_years': True, 'min_credit_hist': True, 'max_delinquencies': True, 'amount_min': True, 'amount_max': True, 'max_dti': True}",0.0651489423052496,446685.4607130074,-36.731670792551654,0.8,"confidence<70%, condition<0.75",review,
APP_0138,A0138,House,23,1858746,0.6468414264,0.9527783958,17,7,0,4,28795,bank,HCMC,10.7769,106.7009,35.315857364,High,0.3253461686,0.05,[],1064491.857576567,63.7,-42.73,review,"{'min_emp_years': True, 'min_credit_hist': True, 'max_delinquencies': True, 'amount_min': True, 'amount_max': True, 'max_dti': True}",0.027050465247855433,623240.5127923489,-42.73064433889478,0.8,"confidence<70%, legal<0.97, condition<0.75",review,
APP_0139,A0139,Apartment,22,207695,0.6350836048,0.9640305718,16,19,0,1,99847,bank,Da Nang,16.0544,108.2022,36.4916395236,Mass,0.8563486739,0.480738583,[],116566.8285664916,63.7,-43.88,review,"{'min_emp_years': True, 'min_credit_hist': True, 'max_delinquencies': True, 'amount_min': True, 'amount_max': True, 'max_dti': False}",0.8565644379957172,67798.53254773199,-43.875958224082616,0.8,"confidence<70%, legal<0.97, condition<0.75, ltv>cap",review,
APP_0140,A0140,Car,19,825277,0.863145314,0.966706502,0,10,3,2,153165,bank,Can Tho,10.0452,105.7469,13.6854685984,High,0.5403318147,0.1855922315,[],623199.1864234072,68.3,-24.49,review,"{'min_emp_years': False, 'min_credit_hist': True, 'max_delinquencies': False, 'amount_min': True, 'amount_max': True, 'max_dti': False}",0.24577214370100015,494002.378246329,-24.48605905369868,0.8,"confidence<70%, legal<0.97",review,
APP_0141,A0141,Factory,32,1947585,0.7674433203,0.9586497223,12,13,1,5,120999,bank,HCMC,10.7769,106.7009,23.2556679684,High,0.7352623206,0.062127712,[],1242286.5399188327,66.2,-36.21,review,"{'min_emp_years': True, 'min_credit_hist': True, 'max_delinquencies': True, 'amount_min': True, 'amount_max': True, 'max_dti': False}",0.09740023425505819,868263.7031995794,-36.21400144698009,0.8,"confidence<70%, legal<0.97",review,
APP_0142,A0142,Apartment,11,636849,0.9097285665,0.9656946685,8,3,2,0,177396,bank,Hue,16.4637,107.5909,9.0271433543,High,0.1947900146,0.2785526867,[],544574.3356952656,69.2,-14.49,review,"{'min_emp_years': True, 'min_credit_hist': True, 'max_delinquencies': True, 'amount_min': True, 'amount_max': True, 'max_dti': True}",0.3257516713003305,454498.4868096657,-14.48925323031589,0.8,"confidence<70%, legal<0.97",review,
APP_0143,A0143,Apartment,38,307822,0.8684925653,0.9871346283,5,2,0,3,75325,bank,Da Nang,16.0544,108.2022,13.1507434677,Mass,0.8818390223,0.2447031076,[],231045.9169818646,68.7,-24.94,review,"{'min_emp_years': True, 'min_credit_hist': False, 'max_delinquencies': True, 'amount_min': True, 'amount_max': True, 'max_dti': False}",0.326017447025097,188176.0705708862,-24.941714048422593,0.8,confidence<70%,review,
APP_0144,A0144,Car,13,1002738,0.7334551033,0.9507341422,21,14,1,4,62841,bank,Hanoi,21.0285,105.8542,26.6544896669,High,0.4738436148,0.0626694112,[],653780.1181291568,65.4,-34.8,review,"{'min_emp_years': True, 'min_credit_hist': True, 'max_delinquencies': True, 'amount_min': True, 'amount_max': True, 'max_dti': False}",0.0961194723691269,433099.7565137182,-34.800504406020636,0.8,"confidence<70%, legal<0.97, condition<0.75",review,
APP_0145,A0145,Factory,22,1041326,0.9593466189,0.9913586712,15,4,2,1,100829,bank,Hue,16.4637,107.5909,4.0653381055,High,0.4696212648,0.0968275065,[],881420.3590740208,70.6,-15.36,approved,"{'min_emp_years': True, 'min_credit_hist': True, 'max_delinquencies': True, 'amount_min': True, 'amount_max': True, 'max_dti': False}",0.11439377246280794,796366.6084460564,-15.355963543211178,0.8,,approved,
APP_0146,A0146,Factory,21,1342585,0.9050128588,0.9928274012,19,24,2,2,48396,bank,Can Tho,10.0452,105.7469,9.4987141172,High,0.8752520193,0.05,[],1079675.7095302544,69.5,-19.58,review,"{'min_emp_years': True, 'min_credit_hist': True, 'max_delinquencies': True, 'amount_min': True, 'amount_max': True, 'max_dti': False}",0.04482457053799622,921606.3124547517,-19.582319962590496,0.8,confidence<70%,review,
APP_0147,A0147,House,34,661788,0.7082139764,0.9686130787,21,21,3,2,195372,bank,Da Nang,16.0544,108.2022,29.1786023636,High,0.373622507,0.2952184083,[],397456.7347571497,65.2,-39.94,review,"{'min_emp_years': True, 'min_credit_hist': True, 'max_delinquencies': False, 'amount_min': True, 'amount_max': True, 'max_dti': True}",0.49155538934162074,259017.01113195432,-39.94198523437269,0.8,"confidence<70%, legal<0.97, condition<0.75",review,
APP_0148,A0148,Apartment,18,1913465,0.7456768071,0.957680645,29,17,4,5,45295,non-bank,Hanoi,21.0285,105.8542,25.4323192891,High,0.3878962709,0.05,[],1280768.0508692255,65.8,-33.07,review,"{'min_emp_years': True, 'min_credit_hist': True, 'max_delinquencies': False, 'amount_min': True, 'amount_max': True, 'max_dti': True}",0.03536549804569173,868891.2752730289,-33.06550938380239,0.8,"confidence<70%, legal<0.97, condition<0.75",review,
APP_0149,A0149,Factory,12,1065994,0.7257759921,0.9800420204,24,18,2,7,100984,non-bank,Hanoi,21.0285,105.8542,27.4224007918,High,0.5470397974,0.0947322405,[],712737.9915325636,65.7,-33.14,review,"{'min_emp_years': True, 'min_credit_hist': True, 'max_delinquencies': True, 'amount_min': True, 'amount_max': True, 'max_dti': False}",0.14168460387927315,481615.89225213404,-33.138648854255884,0.8,"confidence<70%, condition<0.75",review,
APP_0150,A0150,House,1,608570,0.6630446594,0.9559836278,18,14,5,6,109182,bank,Da Nang,16.0544,108.2022,33.695534055,High,0.158844719,0.1794074634,[],395333.9220197113,64.1,-35.04,review,"{'min_emp_years': True, 'min_credit_hist': True, 'max_delinquencies': False, 'amount_min': True, 'amount_max': True, 'max_dti': True}",0.2761766545157645,238056.98131194105,-35.03887440726436,0.8,"confidence<70%, legal<0.97, condition<0.75",review,
