application_id,income,loan_amount,collateral_type,collateral_value,customer_type,currency_code,collateral_estimated_value,collateral_confidence,collateral_verified,collateral_status,collateral_verification_reason,collateral_checked_at
APP_0001,6312448,9923266,Land,10898525,Bank,USD,11304206.15,0.9115,True,Verified,Confidence and value thresholds satisfied,2025-10-26T15:57:17.626192
APP_0002,62999908,166728850,Land,180788871,Non-bank,USD,170631720.01,0.8517,False,Failed,Confidence 0.85 below threshold 0.88,2025-10-26T15:57:17.629952
APP_0003,55400562,49975652,House,49403950,Non-bank,USD,61188598.72,0.782,False,Failed,Confidence 0.78 below threshold 0.88,2025-10-26T15:57:17.632899
APP_0004,9574786,13413166,Land,12312625,Bank,USD,9797905.99,0.7586,False,Failed,"Confidence 0.76 below threshold 0.88; Estimated value 9,797,906 below 80% of loan 13,413,166",2025-10-26T15:57:17.637036
APP_0005,82272382,172876886,Gold,188015502,Non-bank,USD,187766035.4,0.7947,False,Failed,Confidence 0.79 below threshold 0.88,2025-10-26T15:57:17.640917
APP_0006,23730589,67102947,Land,63335260,Bank,USD,55222708.61,0.9223,True,Verified,Confidence and value thresholds satisfied,2025-10-26T15:57:17.644134
APP_0007,26682609,30805140,Gold,40083312,Bank,USD,42273051.87,0.9076,True,Verified,Confidence and value thresholds satisfied,2025-10-26T15:57:17.646965
APP_0008,20671603,45896044,Land,33874538,Bank,USD,40877465.21,0.9251,True,Verified,Confidence and value thresholds satisfied,2025-10-26T15:57:17.649331
APP_0009,33357386,29108710,Gold,36339767,Non-bank,USD,39444060.55,0.9096,True,Verified,Confidence and value thresholds satisfied,2025-10-26T15:57:17.651130
APP_0010,19952001,46894932,Land,36943884,Bank,USD,39880482.79,0.8173,False,Failed,Confidence 0.82 below threshold 0.88,2025-10-26T15:57:17.652763
APP_0011,34563215,42614826,Land,61315162,Bank,USD,76237048.38,0.8366,False,Failed,Confidence 0.84 below threshold 0.88,2025-10-26T15:57:17.654411
APP_0012,74028033,82123943,Gold,77729699,Bank,USD,82846855.66,0.9704,True,Verified,Confidence and value thresholds satisfied,2025-10-26T15:57:17.656507
APP_0013,43368332,46601597,Car,41540763,Bank,USD,36111658.6,0.8213,False,Failed,"Confidence 0.82 below threshold 0.88; Estimated value 36,111,659 below 80% of loan 46,601,597",2025-10-26T15:57:17.658785
APP_0014,83484324,119101066,Gold,168037156,Bank,USD,175464663.04,0.9124,True,Verified,Confidence and value thresholds satisfied,2025-10-26T15:57:17.661858
APP_0015,43204593,57090018,Land,36688242,Non-bank,USD,38182170.4,0.873,False,Failed,"Confidence 0.87 below threshold 0.88; Estimated value 38,182,170 below 80% of loan 57,090,018",2025-10-26T15:57:17.664686
APP_0016,28508823,57918643,Land,85712145,Non-bank,USD,80766199.52,0.8867,True,Verified,Confidence and value thresholds satisfied,2025-10-26T15:57:17.666622
APP_0017,72044742,134132072,Car,192589281,Non-bank,USD,212259035.19,0.7053,False,Failed,Confidence 0.71 below threshold 0.88,2025-10-26T15:57:17.668112
APP_0018,74679137,177296318,Gold,212430382,Non-bank,USD,191687721.34,0.8296,False,Failed,Confidence 0.83 below threshold 0.88,2025-10-26T15:57:17.669337
APP_0019,78262186,96840510,Gold,107748696,Bank,USD,89594868.74,0.9634,True,Verified,Confidence and value thresholds satisfied,2025-10-26T15:57:17.670607
APP_0020,80640878,233970179,Land,250796744,Bank,USD,188908132.76,0.8091,False,Failed,Confidence 0.81 below threshold 0.88,2025-10-26T15:57:17.671874
APP_0021,7131108,13254639,House,8947872,Bank,USD,7362855.74,0.8393,False,Failed,"Confidence 0.84 below threshold 0.88; Estimated value 7,362,856 below 80% of loan 13,254,639",2025-10-26T15:57:17.673133
APP_0022,48602488,106855504,House,72843815,Bank,USD,76885778.85,0.7644,False,Failed,"Confidence 0.76 below threshold 0.88; Estimated value 76,885,779 below 80% of loan 106,855,504",2025-10-26T15:57:17.674656
APP_0023,27794255,61721260,Gold,75397494,Bank,USD,71914874.13,0.726,False,Failed,Confidence 0.73 below threshold 0.88,2025-10-26T15:57:17.677179
APP_0024,25821991,22742576,Gold,33253533,Non-bank,USD,36943212.21,0.956,True,Verified,Confidence and value thresholds satisfied,2025-10-26T15:57:17.679904
APP_0025,25503966,21998729,Gold,23301589,Bank,USD,24069520.1,0.8107,False,Failed,Confidence 0.81 below threshold 0.88,2025-10-26T15:57:17.681529
APP_0026,75060535,124233408,Car,74653917,Bank,USD,71755003.94,0.8324,False,Failed,"Confidence 0.83 below threshold 0.88; Estimated value 71,755,004 below 80% of loan 124,233,408",2025-10-26T15:57:17.683326
APP_0027,72326900,130538036,Gold,175698679,Non-bank,USD,195720472.73,0.7771,False,Failed,Confidence 0.78 below threshold 0.88,2025-10-26T15:57:17.684690
APP_0028,23169851,27343016,Car,36844013,Bank,USD,28747895.8,0.8828,True,Verified,Confidence and value thresholds satisfied,2025-10-26T15:57:17.685978
APP_0029,39816154,37837385,Gold,34161887,Bank,USD,30185285.9,0.9053,False,Failed,"Estimated value 30,185,286 below 80% of loan 37,837,385",2025-10-26T15:57:17.687670
APP_0030,68024699,119710050,Gold,145069040,Bank,USD,127364800.34,0.8155,False,Failed,Confidence 0.82 below threshold 0.88,2025-10-26T15:57:17.689016
APP_0031,17599409,37822817,House,27513273,Non-bank,USD,26716279.67,0.8255,False,Failed,"Confidence 0.83 below threshold 0.88; Estimated value 26,716,280 below 80% of loan 37,822,817",2025-10-26T15:57:17.690229
APP_0032,58544917,62753484,Gold,46871467,Bank,USD,37407977.34,0.9063,False,Failed,"Estimated value 37,407,977 below 80% of loan 62,753,484",2025-10-26T15:57:17.691560
APP_0033,42281831,44228722,House,54856409,Bank,USD,56052371.23,0.8211,False,Failed,Confidence 0.82 below threshold 0.88,2025-10-26T15:57:17.693161
APP_0034,83829616,242036861,Gold,256301185,Bank,USD,227880186.97,0.8622,False,Failed,Confidence 0.86 below threshold 0.88,2025-10-26T15:57:17.695481
APP_0035,67829340,156837193,House,177231210,Bank,USD,159718299.73,0.7608,False,Failed,Confidence 0.76 below threshold 0.88,2025-10-26T15:57:17.697910
APP_0036,24712196,14477445,Land,15510197,Bank,USD,12792375.63,0.8253,False,Failed,Confidence 0.83 below threshold 0.88,2025-10-26T15:57:17.699631
APP_0037,75979224,224445863,House,324643178,Bank,USD,392004623.02,0.8024,False,Failed,Confidence 0.80 below threshold 0.88,2025-10-26T15:57:17.700956
APP_0038,72925635,38011788,House,49788712,Bank,USD,50512960.2,0.7972,False,Failed,Confidence 0.80 below threshold 0.88,2025-10-26T15:57:17.702380
APP_0039,23108596,26861540,House,37853578,Bank,USD,31025535.83,0.9203,True,Verified,Confidence and value thresholds satisfied,2025-10-26T15:57:17.703725
APP_0040,49044028,136995192,House,118151807,Bank,USD,105452153.01,0.7469,False,Failed,"Confidence 0.75 below threshold 0.88; Estimated value 105,452,153 below 80% of loan 136,995,192",2025-10-26T15:57:17.704995
APP_0041,72502840,50822264,House,75300784,Bank,USD,82431535.0,0.763,False,Failed,Confidence 0.76 below threshold 0.88,2025-10-26T15:57:17.706491
APP_0042,24682228,65081833,Gold,87007901,Non-bank,USD,107924354.21,0.9581,True,Verified,Confidence and value thresholds satisfied,2025-10-26T15:57:17.707806
APP_0043,25808285,22238831,House,15336111,Non-bank,USD,16754839.94,0.9424,False,Failed,"Estimated value 16,754,840 below 80% of loan 22,238,831",2025-10-26T15:57:17.709228
APP_0044,19101839,18110505,House,12286098,Bank,USD,13871932.41,0.8969,False,Failed,"Estimated value 13,871,932 below 80% of loan 18,110,505",2025-10-26T15:57:17.710585
APP_0045,5645937,13898510,Land,10734777,Non-bank,USD,9175503.45,0.7818,False,Failed,"Confidence 0.78 below threshold 0.88; Estimated value 9,175,503 below 80% of loan 13,898,510",2025-10-26T15:57:17.712821
APP_0046,47312062,129566927,Car,116964881,Non-bank,USD,122556664.49,0.9522,True,Verified,Confidence and value thresholds satisfied,2025-10-26T15:57:17.715113
APP_0047,6372975,10527108,Gold,8395305,Bank,USD,8441880.73,0.8273,False,Failed,Confidence 0.83 below threshold 0.88,2025-10-26T15:57:17.716582
APP_0048,54531594,32512238,House,21024238,Non-bank,USD,23821190.7,0.8186,False,Failed,"Confidence 0.82 below threshold 0.88; Estimated value 23,821,191 below 80% of loan 32,512,238",2025-10-26T15:57:17.718081
APP_0049,40341288,51970194,Car,51996793,Bank,USD,64530280.59,0.742,False,Failed,Confidence 0.74 below threshold 0.88,2025-10-26T15:57:17.719424
APP_0050,20668728,11124594,Car,9303060,Bank,USD,10765205.46,0.9648,True,Verified,Confidence and value thresholds satisfied,2025-10-26T15:57:17.720707
APP_0051,35756407,49091194,Land,49896433,Bank,USD,50251288.33,0.8989,True,Verified,Confidence and value thresholds satisfied,2025-10-26T15:57:17.722015
APP_0052,6266067,13461235,Car,17568779,Bank,USD,20526270.34,0.7789,False,Failed,Confidence 0.78 below threshold 0.88,2025-10-26T15:57:17.723479
APP_0053,17190022,19992688,Car,17785403,Bank,USD,15021901.66,0.9752,False,Failed,"Estimated value 15,021,902 below 80% of loan 19,992,688",2025-10-26T15:57:17.724878
APP_0054,45046324,95950791,Land,61050867,Non-bank,USD,74829739.27,0.7863,False,Failed,"Confidence 0.79 below threshold 0.88; Estimated value 74,829,739 below 80% of loan 95,950,791",2025-10-26T15:57:17.726208
APP_0055,11570852,32614766,Car,44065294,Non-bank,USD,50200571.45,0.744,False,Failed,Confidence 0.74 below threshold 0.88,2025-10-26T15:57:17.727561
APP_0056,66900682,111412843,Gold,116012706,Bank,USD,142175097.14,0.8087,False,Failed,Confidence 0.81 below threshold 0.88,2025-10-26T15:57:17.729022
APP_0057,26835281,27312248,Land,22388777,Bank,USD,26297368.52,0.9693,True,Verified,Confidence and value thresholds satisfied,2025-10-26T15:57:17.731637
APP_0058,83081041,233190670,Gold,334729252,Bank,USD,415148591.12,0.871,False,Failed,Confidence 0.87 below threshold 0.88,2025-10-26T15:57:17.734662
APP_0059,19424037,55642903,Gold,70203290,Non-bank,USD,65489949.44,0.8635,False,Failed,Confidence 0.86 below threshold 0.88,2025-10-26T15:57:17.736376
APP_0060,58170390,48703981,Gold,47707184,Non-bank,USD,39759394.38,0.9296,True,Verified,Confidence and value thresholds satisfied,2025-10-26T15:57:17.737698
APP_0061,48803883,134166575,Gold,122415107,Bank,USD,127476049.57,0.7443,False,Failed,Confidence 0.74 below threshold 0.88,2025-10-26T15:57:17.738928
APP_0062,82955418,102066099,Car,67766440,Bank,USD,65827534.64,0.7025,False,Failed,"Confidence 0.70 below threshold 0.88; Estimated value 65,827,535 below 80% of loan 102,066,099",2025-10-26T15:57:17.740711
APP_0063,57512256,47185275,Gold,40441889,Non-bank,USD,45489170.5,0.9394,True,Verified,Confidence and value thresholds satisfied,2025-10-26T15:57:17.742107
APP_0064,78498671,62421493,Land,77667723,Bank,USD,62451672.21,0.9705,True,Verified,Confidence and value thresholds satisfied,2025-10-26T15:57:17.743406
APP_0065,44454572,106629856,House,71236355,Bank,USD,53558567.33,0.9694,False,Failed,"Estimated value 53,558,567 below 80% of loan 106,629,856",2025-10-26T15:57:17.744720
APP_0066,23542144,16976388,House,15937944,Bank,USD,19320653.38,0.8039,False,Failed,Confidence 0.80 below threshold 0.88,2025-10-26T15:57:17.746178
APP_0067,21087008,50774971,Car,57498307,Non-bank,USD,46086635.76,0.7173,False,Failed,Confidence 0.72 below threshold 0.88,2025-10-26T15:57:17.747807
APP_0068,78620831,86407940,Gold,109389071,Bank,USD,103187551.9,0.9159,True,Verified,Confidence and value thresholds satisfied,2025-10-26T15:57:17.749723
APP_0069,67113914,103822505,Land,131703027,Non-bank,USD,130914544.26,0.9573,True,Verified,Confidence and value thresholds satisfied,2025-10-26T15:57:17.752180
APP_0070,49832487,42733563,House,36893897,Bank,USD,39504662.13,0.779,False,Failed,Confidence 0.78 below threshold 0.88,2025-10-26T15:57:17.753891
APP_0071,28618549,61005430,Gold,54680274,Bank,USD,41370248.79,0.7525,False,Failed,"Confidence 0.75 below threshold 0.88; Estimated value 41,370,249 below 80% of loan 61,005,430",2025-10-26T15:57:17.755290
APP_0072,39902438,65618155,Car,48663313,Non-bank,USD,39689101.29,0.9142,False,Failed,"Estimated value 39,689,101 below 80% of loan 65,618,155",2025-10-26T15:57:17.756647
APP_0073,72748702,108000931,Gold,135687947,Bank,USD,163477887.97,0.8261,False,Failed,Confidence 0.83 below threshold 0.88,2025-10-26T15:57:17.758001
APP_0074,43500885,109260426,House,91661041,Bank,USD,71131094.43,0.8621,False,Failed,"Confidence 0.86 below threshold 0.88; Estimated value 71,131,094 below 80% of loan 109,260,426",2025-10-26T15:57:17.759432
APP_0075,78543845,129403951,House,133594181,Bank,USD,164080506.35,0.8404,False,Failed,Confidence 0.84 below threshold 0.88,2025-10-26T15:57:17.760726
APP_0076,85404906,190360775,Gold,268361722,Bank,USD,214178185.61,0.8874,True,Verified,Confidence and value thresholds satisfied,2025-10-26T15:57:17.762117
APP_0077,30452221,74759370,Gold,45288184,Bank,USD,42166006.21,0.7352,False,Failed,"Confidence 0.74 below threshold 0.88; Estimated value 42,166,006 below 80% of loan 74,759,370",2025-10-26T15:57:17.763448
APP_0078,49693796,101236357,House,138797486,Bank,USD,104168869.61,0.749,False,Failed,Confidence 0.75 below threshold 0.88,2025-10-26T15:57:17.764902
APP_0079,49798577,144589034,House,183030046,Non-bank,USD,226351877.66,0.8205,False,Failed,Confidence 0.82 below threshold 0.88,2025-10-26T15:57:17.766699
APP_0080,51152132,96022532,Gold,113367767,Non-bank,USD,120513007.4,0.957,True,Verified,Confidence and value thresholds satisfied,2025-10-26T15:57:17.769114
APP_0081,11076378,11602852,Gold,11212642,Bank,USD,13378735.71,0.7473,False,Failed,Confidence 0.75 below threshold 0.88,2025-10-26T15:57:17.771317
APP_0082,36435458,67576829,House,78498365,Bank,USD,67930499.25,0.8551,False,Failed,Confidence 0.86 below threshold 0.88,2025-10-26T15:57:17.772717
APP_0083,54575264,60654536,Gold,88175755,Non-bank,USD,95242319.6,0.8681,False,Failed,Confidence 0.87 below threshold 0.88,2025-10-26T15:57:17.773988
APP_0084,83056690,58830510,House,40343287,Non-bank,USD,45013930.36,0.8628,False,Failed,"Confidence 0.86 below threshold 0.88; Estimated value 45,013,930 below 80% of loan 58,830,510",2025-10-26T15:57:17.775543
APP_0085,25222043,60303514,Land,39860306,Bank,USD,44822924.42,0.798,False,Failed,"Confidence 0.80 below threshold 0.88; Estimated value 44,822,924 below 80% of loan 60,303,514",2025-10-26T15:57:17.776927
APP_0086,59747489,69381405,Gold,62890589,Non-bank,USD,59395407.68,0.92,True,Verified,Confidence and value thresholds satisfied,2025-10-26T15:57:17.778295
APP_0087,70021909,89915209,Land,62288842,Non-bank,USD,74256622.36,0.8708,False,Failed,Confidence 0.87 below threshold 0.88,2025-10-26T15:57:17.779683
APP_0088,83567591,248267374,Gold,354024550,Bank,USD,271791194.97,0.7475,False,Failed,Confidence 0.75 below threshold 0.88,2025-10-26T15:57:17.781243
APP_0089,19758689,29665588,Gold,38821586,Non-bank,USD,42340800.2,0.8079,False,Failed,Confidence 0.81 below threshold 0.88,2025-10-26T15:57:17.782584
APP_0090,62315117,99908595,Car,74189772,Bank,USD,65499347.87,0.9287,False,Failed,"Estimated value 65,499,348 below 80% of loan 99,908,595",2025-10-26T15:57:17.783906
APP_0091,31583091,88479929,Car,82840592,Non-bank,USD,89336833.37,0.7428,False,Failed,Confidence 0.74 below threshold 0.88,2025-10-26T15:57:17.785602
APP_0092,42404164,104957342,Gold,102212934,Bank,USD,118233982.26,0.7985,False,Failed,Confidence 0.80 below threshold 0.88,2025-10-26T15:57:17.788003
APP_0093,6230330,16502307,Gold,24076546,Bank,USD,19284285.99,0.7998,False,Failed,Confidence 0.80 below threshold 0.88,2025-10-26T15:57:17.789951
APP_0094,66391874,110933636,Gold,99429571,Bank,USD,119202796.73,0.7439,False,Failed,Confidence 0.74 below threshold 0.88,2025-10-26T15:57:17.791345
APP_0095,7766913,8009698,Car,8267511,Bank,USD,7884965.35,0.9449,True,Verified,Confidence and value thresholds satisfied,2025-10-26T15:57:17.792755
APP_0096,36786048,24429505,Car,26287758,Non-bank,USD,25841531.24,0.968,True,Verified,Confidence and value thresholds satisfied,2025-10-26T15:57:17.793983
APP_0097,47219656,33031804,Land,43061017,Bank,USD,37456388.79,0.9578,True,Verified,Confidence and value thresholds satisfied,2025-10-26T15:57:17.795464
APP_0098,61866619,52121010,Land,71991633,Bank,USD,71835249.24,0.885,True,Verified,Confidence and value thresholds satisfied,2025-10-26T15:57:17.796854
APP_0099,44806565,52574782,Land,63284110,Bank,USD,68197128.69,0.8421,False,Failed,Confidence 0.84 below threshold 0.88,2025-10-26T15:57:17.798377
APP_0100,76304149,186444218,Car,172833099,Bank,USD,161304098.33,0.7239,False,Failed,Confidence 0.72 below threshold 0.88,2025-10-26T15:57:17.799784
APP_0101,15853677,17023916,Car,13723683,Non-bank,USD,13211701.37,0.7136,False,Failed,"Confidence 0.71 below threshold 0.88; Estimated value 13,211,701 below 80% of loan 17,023,916",2025-10-26T15:57:17.801118
APP_0102,27290769,42423062,House,40652662,Non-bank,USD,50576511.91,0.8644,False,Failed,Confidence 0.86 below threshold 0.88,2025-10-26T15:57:17.802659
APP_0103,26892812,44247855,Gold,49480338,Bank,USD,61579848.06,0.9129,True,Verified,Confidence and value thresholds satisfied,2025-10-26T15:57:17.804746
APP_0104,37280880,47503855,House,61290894,Bank,USD,62693020.65,0.9243,True,Verified,Confidence and value thresholds satisfied,2025-10-26T15:57:17.807049
APP_0105,5270394,4967489,Land,7270155,Bank,USD,6085230.63,0.8257,False,Failed,Confidence 0.83 below threshold 0.88,2025-10-26T15:57:17.808864
APP_0106,41492088,48548936,Car,67291841,Bank,USD,63467912.86,0.7601,False,Failed,Confidence 0.76 below threshold 0.88,2025-10-26T15:57:17.810507
APP_0107,37390758,98370819,House,128767230,Bank,USD,103909317.74,0.9295,True,Verified,Confidence and value thresholds satisfied,2025-10-26T15:57:17.811918
APP_0108,54761659,163473446,House,230594626,Bank,USD,278129588.15,0.7298,False,Failed,Confidence 0.73 below threshold 0.88,2025-10-26T15:57:17.813309
APP_0109,53949212,76968564,Gold,94397733,Bank,USD,106463897.41,0.7767,False,Failed,Confidence 0.78 below threshold 0.88,2025-10-26T15:57:17.814543
APP_0110,28906682,47822557,Gold,69387718,Bank,USD,52696125.16,0.9489,True,Verified,Confidence and value thresholds satisfied,2025-10-26T15:57:17.815946
APP_0111,41320395,55264845,Gold,58701965,Bank,USD,61635890.38,0.7008,False,Failed,Confidence 0.70 below threshold 0.88,2025-10-26T15:57:17.817412
APP_0112,47766894,67523126,Land,46048619,Bank,USD,41855520.84,0.7038,False,Failed,"Confidence 0.70 below threshold 0.88; Estimated value 41,855,521 below 80% of loan 67,523,126",2025-10-26T15:57:17.818992
APP_0113,75983699,168526809,Car,211765682,Bank,USD,166954741.35,0.8376,False,Failed,Confidence 0.84 below threshold 0.88,2025-10-26T15:57:17.821140
APP_0114,11534745,26971876,Gold,39207130,Bank,USD,44424893.08,0.9779,True,Verified,Confidence and value thresholds satisfied,2025-10-26T15:57:17.822849
APP_0115,57401756,74197163,House,46591087,Bank,USD,57143287.17,0.7116,False,Failed,"Confidence 0.71 below threshold 0.88; Estimated value 57,143,287 below 80% of loan 74,197,163",2025-10-26T15:57:17.824489
APP_0116,11814182,10190325,House,11819589,Bank,USD,13717150.06,0.9299,True,Verified,Confidence and value thresholds satisfied,2025-10-26T15:57:17.826279
APP_0117,27617132,62658163,Car,54781509,Bank,USD,67243556.44,0.7996,False,Failed,Confidence 0.80 below threshold 0.88,2025-10-26T15:57:17.827770
APP_0118,42743277,68324166,House,65848386,Bank,USD,61750202.67,0.8459,False,Failed,Confidence 0.85 below threshold 0.88,2025-10-26T15:57:17.829408
APP_0119,73936879,206338471,House,294298279,Bank,USD,336614813.95,0.8642,False,Failed,Confidence 0.86 below threshold 0.88,2025-10-26T15:57:17.831147
APP_0120,33626072,51223781,Gold,46150094,Bank,USD,44055983.92,0.8094,False,Failed,Confidence 0.81 below threshold 0.88,2025-10-26T15:57:17.832573
APP_0121,47456373,27016320,Car,31426239,Non-bank,USD,38590317.12,0.9402,True,Verified,Confidence and value thresholds satisfied,2025-10-26T15:57:17.833820
APP_0122,54204315,125501776,Gold,123124631,Non-bank,USD,152218683.47,0.9797,True,Verified,Confidence and value thresholds satisfied,2025-10-26T15:57:17.835007
APP_0123,69498877,206026274,Gold,295472357,Bank,USD,243151446.3,0.8289,False,Failed,Confidence 0.83 below threshold 0.88,2025-10-26T15:57:17.836272
APP_0124,38641151,64372469,Gold,59982816,Non-bank,USD,59839830.87,0.8327,False,Failed,Confidence 0.83 below threshold 0.88,2025-10-26T15:57:17.837536
APP_0125,53117572,153064842,Car,105529272,Non-bank,USD,84544875.7,0.8498,False,Failed,"Confidence 0.85 below threshold 0.88; Estimated value 84,544,876 below 80% of loan 153,064,842",2025-10-26T15:57:17.839181
APP_0126,76301721,69165546,Gold,67581575,Bank,USD,58027916.81,0.881,True,Verified,Confidence and value thresholds satisfied,2025-10-26T15:57:17.841890
APP_0127,42182430,43538562,Car,41997608,Bank,USD,47248167.1,0.8234,False,Failed,Confidence 0.82 below threshold 0.88,2025-10-26T15:57:17.844803
APP_0128,84720125,114692419,Car,160207066,Bank,USD,142530002.26,0.9124,True,Verified,Confidence and value thresholds satisfied,2025-10-26T15:57:17.846569
APP_0129,38673127,58584570,Car,52624932,Non-bank,USD,59296707.99,0.7823,False,Failed,Confidence 0.78 below threshold 0.88,2025-10-26T15:57:17.847987
APP_0130,41807003,114912629,Car,99353918,Non-bank,USD,94193226.75,0.7256,False,Failed,Confidence 0.73 below threshold 0.88,2025-10-26T15:57:17.849356
APP_0131,6889999,20196477,House,19516427,Non-bank,USD,15760011.88,0.7916,False,Failed,"Confidence 0.79 below threshold 0.88; Estimated value 15,760,012 below 80% of loan 20,196,477",2025-10-26T15:57:17.851181
APP_0132,50323976,89351757,Land,109179695,Bank,USD,128504240.58,0.9093,True,Verified,Confidence and value thresholds satisfied,2025-10-26T15:57:17.852933
APP_0133,44894816,100647923,Car,98643210,Bank,USD,83739779.29,0.7789,False,Failed,Confidence 0.78 below threshold 0.88,2025-10-26T15:57:17.854469
APP_0134,40281787,83344928,House,89166386,Bank,USD,72387936.71,0.9691,True,Verified,Confidence and value thresholds satisfied,2025-10-26T15:57:17.855768
APP_0135,58002464,153783782,Gold,190568224,Bank,USD,224797112.42,0.7216,False,Failed,Confidence 0.72 below threshold 0.88,2025-10-26T15:57:17.857030
APP_0136,51564343,39676380,Car,24762752,Bank,USD,22772045.94,0.8702,False,Failed,"Confidence 0.87 below threshold 0.88; Estimated value 22,772,046 below 80% of loan 39,676,380",2025-10-26T15:57:17.858689
APP_0137,85419640,162654974,Land,117086094,Bank,USD,96309400.1,0.7508,False,Failed,"Confidence 0.75 below threshold 0.88; Estimated value 96,309,400 below 80% of loan 162,654,974",2025-10-26T15:57:17.861415
APP_0138,39564442,99734975,Car,124928421,Bank,USD,148701376.57,0.8949,True,Verified,Confidence and value thresholds satisfied,2025-10-26T15:57:17.863842
APP_0139,42002716,102300462,Land,144904299,Non-bank,USD,164982665.6,0.8196,False,Failed,Confidence 0.82 below threshold 0.88,2025-10-26T15:57:17.865515
APP_0140,74032020,179057906,Land,247158004,Bank,USD,235448469.41,0.8753,False,Failed,Confidence 0.88 below threshold 0.88,2025-10-26T15:57:17.866835
APP_0141,46279519,136663423,Gold,168981927,Bank,USD,191470075.39,0.7093,False,Failed,Confidence 0.71 below threshold 0.88,2025-10-26T15:57:17.868081
APP_0142,26272516,14995289,Gold,22248048,Bank,USD,22740890.6,0.8522,False,Failed,Confidence 0.85 below threshold 0.88,2025-10-26T15:57:17.869331
APP_0143,49124787,37592465,House,51412017,Bank,USD,39799472.18,0.9503,True,Verified,Confidence and value thresholds satisfied,2025-10-26T15:57:17.870558
APP_0144,48071912,42463029,House,51990772,Bank,USD,64868336.65,0.9432,True,Verified,Confidence and value thresholds satisfied,2025-10-26T15:57:17.872201
APP_0145,39730233,77561541,House,91220867,Bank,USD,93995392.52,0.7344,False,Failed,Confidence 0.73 below threshold 0.88,2025-10-26T15:57:17.873584
APP_0146,50128015,79056551,Land,108135010,Bank,USD,123239157.23,0.7116,False,Failed,Confidence 0.71 below threshold 0.88,2025-10-26T15:57:17.875045
APP_0147,54197636,35787974,Land,49821889,Non-bank,USD,52152295.69,0.9089,True,Verified,Confidence and value thresholds satisfied,2025-10-26T15:57:17.877309
APP_0148,87519827,104845060,Car,88765411,Non-bank,USD,89056379.96,0.9754,True,Verified,Confidence and value thresholds satisfied,2025-10-26T15:57:17.880028
APP_0149,10979807,16216083,Land,22193610,Bank,USD,26293221.48,0.7618,False,Failed,Confidence 0.76 below threshold 0.88,2025-10-26T15:57:17.882023
APP_0150,82607654,145775913,Car,164637293,Bank,USD,187023597.71,0.9024,True,Verified,Confidence and value thresholds satisfied,2025-10-26T15:57:17.883958
APP_0151,46512625,111134811,House,66699528,Bank,USD,80522641.97,0.8194,False,Failed,"Confidence 0.82 below threshold 0.88; Estimated value 80,522,642 below 80% of loan 111,134,811",2025-10-26T15:57:17.885479
APP_0152,37255438,64174699,Car,49888735,Bank,USD,39303132.13,0.8032,False,Failed,"Confidence 0.80 below threshold 0.88; Estimated value 39,303,132 below 80% of loan 64,174,699",2025-10-26T15:57:17.887201
APP_0153,56862310,145813100,Car,189795922,Bank,USD,220173288.34,0.8476,False,Failed,Confidence 0.85 below threshold 0.88,2025-10-26T15:57:17.888698
APP_0154,14825911,27445286,House,24919536,Bank,USD,18700501.08,0.8061,False,Failed,"Confidence 0.81 below threshold 0.88; Estimated value 18,700,501 below 80% of loan 27,445,286",2025-10-26T15:57:17.890042
APP_0155,68229724,95041140,Gold,129137611,Bank,USD,147420250.31,0.9435,True,Verified,Confidence and value thresholds satisfied,2025-10-26T15:57:17.891443
APP_0156,13014636,32731076,Car,37392153,Bank,USD,41607360.42,0.916,True,Verified,Confidence and value thresholds satisfied,2025-10-26T15:57:17.892810
APP_0157,41535577,40121139,Gold,59699831,Bank,USD,69891462.32,0.965,True,Verified,Confidence and value thresholds satisfied,2025-10-26T15:57:17.894530
APP_0158,22143855,60302645,Gold,77637774,Bank,USD,95236997.96,0.7402,False,Failed,Confidence 0.74 below threshold 0.88,2025-10-26T15:57:17.896959
APP_0159,30738181,67117871,Gold,45891172,Non-bank,USD,52364581.27,0.8036,False,Failed,"Confidence 0.80 below threshold 0.88; Estimated value 52,364,581 below 80% of loan 67,117,871",2025-10-26T15:57:17.899212
APP_0160,45025080,129827257,Car,175787287,Bank,USD,172144024.68,0.7525,False,Failed,Confidence 0.75 below threshold 0.88,2025-10-26T15:57:17.900699
APP_0161,5500652,5636009,Gold,6749238,Bank,USD,7362054.03,0.9217,True,Verified,Confidence and value thresholds satisfied,2025-10-26T15:57:17.901989
APP_0162,80534965,87127900,Car,69537690,Bank,USD,63302181.0,0.8657,False,Failed,"Confidence 0.87 below threshold 0.88; Estimated value 63,302,181 below 80% of loan 87,127,900",2025-10-26T15:57:17.903225
APP_0163,69300712,113749976,Car,121157826,Bank,USD,103104188.2,0.8191,False,Failed,Confidence 0.82 below threshold 0.88,2025-10-26T15:57:17.904400
APP_0164,86460309,75383838,House,56109442,Non-bank,USD,68638561.69,0.8383,False,Failed,Confidence 0.84 below threshold 0.88,2025-10-26T15:57:17.905952
APP_0165,11593957,6948450,Land,6501952,Non-bank,USD,5825754.63,0.9717,True,Verified,Confidence and value thresholds satisfied,2025-10-26T15:57:17.907438
APP_0166,19981365,27569693,Land,35022046,Non-bank,USD,36837340.52,0.8156,False,Failed,Confidence 0.82 below threshold 0.88,2025-10-26T15:57:17.908830
APP_0167,46648983,110916521,Land,111807153,Bank,USD,127357566.73,0.8613,False,Failed,Confidence 0.86 below threshold 0.88,2025-10-26T15:57:17.910220
APP_0168,77703974,211546161,Land,252863729,Non-bank,USD,250003224.69,0.8933,True,Verified,Confidence and value thresholds satisfied,2025-10-26T15:57:17.911604
APP_0169,30870693,33443068,Car,47135015,Bank,USD,54466116.87,0.766,False,Failed,Confidence 0.77 below threshold 0.88,2025-10-26T15:57:17.913307
APP_0170,30455709,87126450,Gold,107285121,Bank,USD,121455834.25,0.9243,True,Verified,Confidence and value thresholds satisfied,2025-10-26T15:57:17.915119
APP_0171,76469883,53383289,Land,36452833,Bank,USD,36685589.63,0.7415,False,Failed,"Confidence 0.74 below threshold 0.88; Estimated value 36,685,590 below 80% of loan 53,383,289",2025-10-26T15:57:17.917093
APP_0172,5128539,3568071,Gold,3465403,Bank,USD,3386143.03,0.8749,False,Failed,Confidence 0.87 below threshold 0.88,2025-10-26T15:57:17.918569
APP_0173,85790448,194182515,House,171758230,Bank,USD,139681993.1,0.8261,False,Failed,"Confidence 0.83 below threshold 0.88; Estimated value 139,681,993 below 80% of loan 194,182,515",2025-10-26T15:57:17.919971
APP_0174,21145978,14157382,Land,14590694,Bank,USD,15422088.11,0.9285,True,Verified,Confidence and value thresholds satisfied,2025-10-26T15:57:17.921391
APP_0175,32104339,93957151,Gold,132213031,Bank,USD,158223653.02,0.8951,True,Verified,Confidence and value thresholds satisfied,2025-10-26T15:57:17.922706
APP_0176,32553180,38592593,House,35065626,Bank,USD,43267148.72,0.9354,True,Verified,Confidence and value thresholds satisfied,2025-10-26T15:57:17.924040
APP_0177,81310304,66821583,House,84682110,Bank,USD,71113612.32,0.8105,False,Failed,Confidence 0.81 below threshold 0.88,2025-10-26T15:57:17.925230
APP_0178,74814664,181136488,House,185021683,Non-bank,USD,219483344.87,0.7951,False,Failed,Confidence 0.80 below threshold 0.88,2025-10-26T15:57:17.926434
APP_0179,33689969,52425875,House,70981843,Bank,USD,82591423.45,0.9495,True,Verified,Confidence and value thresholds satisfied,2025-10-26T15:57:17.927632
APP_0180,34014660,93546725,House,75972134,Bank,USD,70415843.56,0.7891,False,Failed,"Confidence 0.79 below threshold 0.88; Estimated value 70,415,844 below 80% of loan 93,546,725",2025-10-26T15:57:17.928887
APP_0181,74029529,128155949,Land,137269125,Non-bank,USD,107536722.05,0.9317,True,Verified,Confidence and value thresholds satisfied,2025-10-26T15:57:17.930593
APP_0182,29043408,15101383,Gold,17647937,Bank,USD,20823049.94,0.9402,True,Verified,Confidence and value thresholds satisfied,2025-10-26T15:57:17.932616
APP_0183,72901705,66220832,Gold,62183331,Bank,USD,67652350.0,0.7681,False,Failed,Confidence 0.77 below threshold 0.88,2025-10-26T15:57:17.934677
APP_0184,74373227,55665667,House,61630376,Bank,USD,47272645.92,0.8037,False,Failed,Confidence 0.80 below threshold 0.88,2025-10-26T15:57:17.936270
APP_0185,60699240,57869061,Gold,50176224,Bank,USD,61037951.16,0.8516,False,Failed,Confidence 0.85 below threshold 0.88,2025-10-26T15:57:17.937487
APP_0186,68192445,80222985,Gold,119426609,Bank,USD,104385362.77,0.7318,False,Failed,Confidence 0.73 below threshold 0.88,2025-10-26T15:57:17.938832
APP_0187,24439793,16825479,House,20502428,Non-bank,USD,17730454.59,0.784,False,Failed,Confidence 0.78 below threshold 0.88,2025-10-26T15:57:17.940248
APP_0188,52799603,142417082,House,166131526,Bank,USD,175654576.03,0.7164,False,Failed,Confidence 0.72 below threshold 0.88,2025-10-26T15:57:17.941671
APP_0189,16702329,36465059,Gold,52549532,Non-bank,USD,44203328.26,0.7359,False,Failed,Confidence 0.74 below threshold 0.88,2025-10-26T15:57:17.942990
APP_0190,9911830,15957484,House,15903319,Bank,USD,16900739.32,0.7462,False,Failed,Confidence 0.75 below threshold 0.88,2025-10-26T15:57:17.944484
APP_0191,41071546,112814636,Car,167320171,Bank,USD,196276529.26,0.818,False,Failed,Confidence 0.82 below threshold 0.88,2025-10-26T15:57:17.945764
APP_0192,30036284,60948707,Land,41506835,Bank,USD,34103672.54,0.8601,False,Failed,"Confidence 0.86 below threshold 0.88; Estimated value 34,103,673 below 80% of loan 60,948,707",2025-10-26T15:57:17.946986
APP_0193,49723987,109606805,Land,163247320,Bank,USD,168202816.04,0.9695,True,Verified,Confidence and value thresholds satisfied,2025-10-26T15:57:17.948361
APP_0194,79228200,180768162,Car,225548571,Non-bank,USD,244179816.94,0.7675,False,Failed,Confidence 0.77 below threshold 0.88,2025-10-26T15:57:17.950611
APP_0195,26133624,41778778,Land,46873528,Bank,USD,40425709.0,0.9536,True,Verified,Confidence and value thresholds satisfied,2025-10-26T15:57:17.953053
APP_0196,20225774,24936571,Gold,22962539,Bank,USD,18112039.58,0.7337,False,Failed,"Confidence 0.73 below threshold 0.88; Estimated value 18,112,040 below 80% of loan 24,936,571",2025-10-26T15:57:17.954840
APP_0197,78808249,214113851,Gold,167603616,Bank,USD,175703521.98,0.771,False,Failed,Confidence 0.77 below threshold 0.88,2025-10-26T15:57:17.956152
APP_0198,7575046,10777138,Car,15996528,Bank,USD,19530481.85,0.8611,False,Failed,Confidence 0.86 below threshold 0.88,2025-10-26T15:57:17.957605
APP_0199,54950477,87480364,Land,71007768,Non-bank,USD,79667141.84,0.7946,False,Failed,Confidence 0.79 below threshold 0.88,2025-10-26T15:57:17.958836
APP_0200,52536222,62554019,Gold,87081256,Bank,USD,103519714.23,0.7694,False,Failed,Confidence 0.77 below threshold 0.88,2025-10-26T15:57:17.960149
